path,lines,sha256,declarations,internal_imports,test_annotations
.github/workflows/android.yml,89,aed5ce68c27fa5ba7ccdc21724f7e28f7f575d4717dcc6d3b456c8396b8c5ccd,,,0
CONTRIBUTING.md,9,900ea3c1c8c3bba95b30c8fe0efd4bb759d3687b3ef65b98a88516fe443f2903,,,0
README.md,181,aebdff340ec33a6c5fab5b2ece9eb59847f643b64e912382e81eab8a7c0c3fda,,,0
SECURITY.md,5,4f7ad2dd97a1c36a6276c56124b7ec984f2dab90324e2f60aa5314aaae1375f3,,,0
app/build.gradle.kts,221,4b10099975d43b24c5f5f96601ca342e50bd854a14fc5ebd7823c33b6eed896f,,,0
app/src/main/AndroidManifest.xml,51,5978d918881ec3f9d21b750f1337ea429b6fd92198d70590555a63d22e0d6f3f,,,0
app/src/main/java/io/github/ffenuss/modkit/MainActivity.kt,39,a3c838ea66bf2a7ad59c8f60a000d8d8f191cf9dbfcd49a78478bdb7ac19b910,MainActivity,io.github.ffenuss.modkit.runtime.RepackedRuntimeInstallStatusHandler; io.github.ffenuss.modkit.runtime.RepackedRuntimeInstallStatusStore; io.github.ffenuss.modkit.ui.ModKitApp; io.github.ffenuss.modkit.ui.theme.ModKitTheme,0
app/src/main/java/io/github/ffenuss/modkit/analysis/AnalysisManager.kt,610,0895b9e4203b8466d056b8a2e078d80159000e4de1e2e7a6eed17958455b3c6b,AnalysisManager,io.github.ffenuss.modkit.data.InstalledAppRepository; io.github.ffenuss.modkit.data.InstalledAppTarget; io.github.ffenuss.modkit.domain.EngineProgress; io.github.ffenuss.modkit.domain.EngineScheduleClass; io.github.ffenuss.modkit.domain.RunState,0
app/src/main/java/io/github/ffenuss/modkit/analysis/AnalysisRunState.kt,86,22610b475aea0ab803cc4c1478075dff41cbdc926151cf6ab92478f05beeca62,AnalysisTargetDescriptor; AnalysisRunState,io.github.ffenuss.modkit.domain.EngineProgress,0
app/src/main/java/io/github/ffenuss/modkit/analysis/AnalysisRunStore.kt,144,0beda5a9d57d5e900fbfb2de24b804741887c31f09c5c758b0bf02c18e4c4c78,AnalysisRunStore,io.github.ffenuss.modkit.domain.EngineProgress; io.github.ffenuss.modkit.domain.EngineScheduleClass; io.github.ffenuss.modkit.domain.RunState,0
app/src/main/java/io/github/ffenuss/modkit/analysis/AnalysisWatchdogPolicy.kt,43,6da2d179e40ce521bc47eee51d8781deeab18843ec47e81eb287ca770fdfa31b,AnalysisWatchdogPolicy,io.github.ffenuss.modkit.domain.EngineScheduleClass,0
app/src/main/java/io/github/ffenuss/modkit/analysis/ArtifactIdentity.kt,34,8d5fe18ade71904efa63eb53af521a402ec891731c6860a00bea04ebe95929d3,ArtifactIdentity,,0
app/src/main/java/io/github/ffenuss/modkit/analysis/ArtifactIndex.kt,30,e06c3f3daf0689c53b54d9369cd61cf09e11b5b6207739a9ce4b7dbecb41fc19,ArtifactIndex; ArtifactEntry,,0
app/src/main/java/io/github/ffenuss/modkit/analysis/AtomicCancellationSignal.kt,13,3e81b088530f37d51bd390fd7cea51c56c21f1aca3228920a92584af761be4fe,AtomicCancellationSignal,,0
app/src/main/java/io/github/ffenuss/modkit/analysis/DexInventoryEngine.kt,345,1cbb940bf58559416a5f8bd7e463c21872cec720161dac6558fa1218bbbc69bf,DexInventoryRecord; DexInventoryResult; DexInventoryEngine,io.github.ffenuss.modkit.domain.EngineProgress; io.github.ffenuss.modkit.domain.EngineScheduleClass; io.github.ffenuss.modkit.domain.RunState,0
app/src/main/java/io/github/ffenuss/modkit/analysis/ElfImage.kt,1237,fac571c31f847e788b42ff88f2a4c2e0d560e0966f15baba9e23baac870f3f01,ElfLoadSegment; ElfDynamicSymbol; ElfImage,,0
app/src/main/java/io/github/ffenuss/modkit/analysis/EngineContract.kt,41,503310386a7e48bf1c0184d73ced1164e5d64c40673614ae9fa4e925ea398f5f,CancellationSignal; AnalysisWorkspace; WorkspaceSource; AnalysisEngine,io.github.ffenuss.modkit.domain.EngineProgress; io.github.ffenuss.modkit.domain.EngineScheduleClass,0
app/src/main/java/io/github/ffenuss/modkit/analysis/EngineResultCache.kt,381,b8aa3ca26cf05cf03ed4482d4136031d6261998df0cfccac87c201602f4618b6,EngineResultCache,io.github.ffenuss.modkit.runtime.RuntimeEvidenceBundle; io.github.ffenuss.modkit.runtime.RuntimeEvidenceIntegrator; io.github.ffenuss.modkit.runtime.RuntimeStageAttemptLedger,0
app/src/main/java/io/github/ffenuss/modkit/analysis/EngineRoutingPlan.kt,103,a46296b234d9fa780bcf4e9c270db11938ffd40b55818f6c33093b3db798c0a5,PlannedEngine; EngineRoutingPlan; EngineRouter,io.github.ffenuss.modkit.domain.EngineScheduleClass,0
app/src/main/java/io/github/ffenuss/modkit/analysis/EngineSkipController.kt,21,1f376d498315bb7c135c5fd962cfa49eeea99202d74179c463288115c297f0a2,EngineSkipController,,0
app/src/main/java/io/github/ffenuss/modkit/analysis/EvidenceGate.kt,84,187d43c03fe286b8253b29b730873be91834a28f161665fa8884bf5e79347112,EvidenceBlocker; ExecutableBindingEvidence; EvidenceGate,io.github.ffenuss.modkit.domain.ProofLevel,0
app/src/main/java/io/github/ffenuss/modkit/analysis/EvidenceGraph.kt,341,1f1be37b7fc29204edb30fd52cd9c5fbf0c775b5306104b12f6f9a4a12ef736d,EvidenceTargetKind; UserFindingStatus; EvidenceFact; EvidenceTarget; EvidenceGraphSummary; EvidenceGraph; ConfirmationRequest; EvidenceBuildResult; EvidenceGraphBuilder,io.github.ffenuss.modkit.domain.ProofLevel,0
app/src/main/java/io/github/ffenuss/modkit/analysis/ExpertCapabilityValidator.kt,48,cb6b92232ec94a6e78c01beaad39d844bb628c49b2acce14cb71aab6e9108eff,ExpertBackendCapability; ExpertCapabilityReport; ExpertCapabilityValidator,,0
app/src/main/java/io/github/ffenuss/modkit/analysis/FastAnalysisModels.kt,56,3cae5ed5d969b0ec9b8bf9008cdfc7ec5e24e161ba73153843ea363572dc8632,DetectionStatus; DetectionConfidence; RuntimeProfile; ArtifactSource; BinaryFormat; FastAnalysisResult,io.github.ffenuss.modkit.runtime.RuntimeEvidenceBundle; io.github.ffenuss.modkit.runtime.RuntimeStageAttempt,0
app/src/main/java/io/github/ffenuss/modkit/analysis/FastArtifactIndexer.kt,422,b980239cc142e690257b9c3e16ac8da383980320d6633f644d4d55aaf541a79a,FastArtifactIndexer; AnalysisCancelledException,io.github.ffenuss.modkit.domain.EngineProgress; io.github.ffenuss.modkit.domain.EngineScheduleClass; io.github.ffenuss.modkit.domain.RunState,0
app/src/main/java/io/github/ffenuss/modkit/analysis/Il2CppBinaryBindingEngine.kt,254,4a8afe376f2bb836573013d44cdbdf80a33651a9b59b41ee934691a5f43a3876,Il2CppBinaryBindingResult; Il2CppBinaryBindingEngine,io.github.ffenuss.modkit.domain.EngineProgress; io.github.ffenuss.modkit.domain.EngineScheduleClass; io.github.ffenuss.modkit.domain.RunState,0
app/src/main/java/io/github/ffenuss/modkit/analysis/Il2CppCodeGenScanner.kt,1524,acf62371e82f20cac4ae4bdd3a98bdecdbcd18f5f62460a695d89a66ec89bd6f,Il2CppCodeGenModuleEvidence; Il2CppNativeReturnKind; Il2CppMethodBinaryBinding; Il2CppBinaryEvidence; Il2CppCodeGenScanner,io.github.ffenuss.modkit.domain.EngineProgress; io.github.ffenuss.modkit.domain.EngineScheduleClass; io.github.ffenuss.modkit.domain.RunState,0
app/src/main/java/io/github/ffenuss/modkit/analysis/Il2CppDumpRenderer.kt,171,6132e550a26dd3d53967a47bfaab1c3b8c5676aafb529d32a8f61da9bf01ab30,Il2CppDumpRenderer,io.github.ffenuss.modkit.domain.EngineProgress; io.github.ffenuss.modkit.domain.EngineScheduleClass; io.github.ffenuss.modkit.domain.RunState,0
app/src/main/java/io/github/ffenuss/modkit/analysis/Il2CppEvidenceSupport.kt,51,f26f1290397a53739c31119897a3dab21f22349b344e5369d23bf5f88ec6217a,,io.github.ffenuss.modkit.domain.ProofLevel,0
app/src/main/java/io/github/ffenuss/modkit/analysis/Il2CppFastDumpEngine.kt,173,29fcbbde2781efd4be49b1e7c2b30d3c07f738b84de6773ff20d3922918c12f5,Il2CppFastDumpResult; Il2CppFastDumpEngine,io.github.ffenuss.modkit.domain.EngineProgress; io.github.ffenuss.modkit.domain.EngineScheduleClass; io.github.ffenuss.modkit.domain.RunState,0
app/src/main/java/io/github/ffenuss/modkit/analysis/Il2CppMetadataReader.kt,435,a158917be80dacfb1e354a3a6fcd72015ab78c1674a9242662cf30548848d017,Il2CppTableRange; Il2CppTypeDefinition; Il2CppMethodDefinition; Il2CppFieldDefinition; Il2CppImageDefinition; Il2CppMetadataModel; Il2CppMetadataReader,io.github.ffenuss.modkit.domain.EngineProgress; io.github.ffenuss.modkit.domain.EngineScheduleClass; io.github.ffenuss.modkit.domain.RunState,0
app/src/main/java/io/github/ffenuss/modkit/analysis/RoutedEngineScheduler.kt,317,9354987e436a79028e57be5f9a2055bcde8c2e39d14b57551d0236aad429dd76,RoutedEngineScheduler,io.github.ffenuss.modkit.domain.EngineProgress; io.github.ffenuss.modkit.domain.EngineScheduleClass; io.github.ffenuss.modkit.domain.RunState,0
app/src/main/java/io/github/ffenuss/modkit/analysis/RuntimeFingerprintProfiler.kt,102,e6339c51306c547d704ac623facdc31e706b3c41d07e2a8f67c3cb9fa1a4fb92,RuntimeFingerprintProfiler,,0
app/src/main/java/io/github/ffenuss/modkit/analysis/TargetMaterializer.kt,110,414dee0f0fa7dd505d8d3304aff08605592a432a156ba7224ba5d2ff3a1072d1,MaterializedTarget; TargetMaterializer,io.github.ffenuss.modkit.domain.EngineProgress; io.github.ffenuss.modkit.domain.EngineScheduleClass; io.github.ffenuss.modkit.domain.RunState,0
app/src/main/java/io/github/ffenuss/modkit/analysis/TargetShaVerifier.kt,206,ed06cb5bf140f9766600226ae6c07a28e68b9d5ead451c09d93eff1567866b73,TargetShaVerification; TargetShaVerifier,io.github.ffenuss.modkit.data.InstalledAppRepository; io.github.ffenuss.modkit.domain.EngineProgress; io.github.ffenuss.modkit.domain.EngineScheduleClass; io.github.ffenuss.modkit.domain.RunState,0
app/src/main/java/io/github/ffenuss/modkit/analysis/UniversalElfInventoryEngine.kt,274,dadf8dcac60998eb2242548e699b0c35c517ab973e95ec57f2e97f6aae2de7ff,ElfInventoryRecord; UniversalElfInventoryResult; UniversalElfInventoryEngine,io.github.ffenuss.modkit.domain.EngineProgress; io.github.ffenuss.modkit.domain.EngineScheduleClass; io.github.ffenuss.modkit.domain.RunState,0
app/src/main/java/io/github/ffenuss/modkit/analysis/nativecode/AArch64ControlFlowGraph.kt,298,76fb89fba568a76085051969df4857abfcb57ba48e1925206c20f7bbe60bd47c,AArch64ControlFlowEdgeKind; AArch64ControlFlowEdge; AArch64BasicBlock; AArch64ControlFlowGraph; AArch64ControlFlowGraphBuilder,,0
app/src/main/java/io/github/ffenuss/modkit/analysis/nativecode/AArch64Disassembler.kt,846,c2d27b89f8b9096e1cae340777056b54cae47011837039b4cd0628c47d9826b7,AArch64DecodedInstruction; AArch64Disassembly; AArch64Disassembler,,0
app/src/main/java/io/github/ffenuss/modkit/analysis/nativecode/AArch64MethodAnalyzer.kt,598,e8a54ba6d5496b002fb3f07dcbb9cf68cd0151a770a521037f555477a1467bb6,AArch64MethodShape; AArch64MethodAnalysis; AArch64MethodAnalyzer,,0
app/src/main/java/io/github/ffenuss/modkit/analysis/nativecode/Armv7ControlFlowDecoder.kt,330,80b3eb5d322288009ebdf9639a1de467083c41438f82ecfcd925741763da699d,NativeArchitecture; ControlFlowKind; ControlFlowInstruction; Armv7ScanResult; Armv7ControlFlowDecoder,io.github.ffenuss.modkit.analysis.AnalysisCancelledException; io.github.ffenuss.modkit.analysis.CancellationSignal,0
app/src/main/java/io/github/ffenuss/modkit/analysis/nativecode/InstructionDecoder.kt,384,32885538f555ad61f198e3353f9c190957edd1f0b079ef7cee80e03aac278243,InstructionBoundaryPolicy; InstructionDecodeResult; InstructionDecoder; InstructionDecoders; ArmA32InstructionDecoder; ArmThumbInstructionDecoder; X86KnownBoundaryInstructionDecoder; AArch64InstructionDecoder,,0
app/src/main/java/io/github/ffenuss/modkit/analysis/nativecode/X86ControlFlowDecoder.kt,364,319a073fe0dd071a7c5b60174b9b48a717469f371ad1eac88f23ad0987e2c5d7,X86ControlFlowDecodeResult; X86ControlFlowDecoder,,0
app/src/main/java/io/github/ffenuss/modkit/build/ApkSetExportPlanner.kt,66,408266a3bf707ac170e3e9ecf1dfc669af2f41f79f38c69cd7aa7572bf82e4c6,ApkSetExportPlan; ApkSetExportPlanner,,0
app/src/main/java/io/github/ffenuss/modkit/build/ApkSigningStage.kt,165,e1cc0401b5672423275bbbe9689e38cb82fa90435d219daf560e59c2bdd1a07d,ApkSignatureVerification; ApkSigningResult; ApkSigningStage,,0
app/src/main/java/io/github/ffenuss/modkit/build/ApkZipAligner.kt,395,8e786a1bbe10325c68b71c7ac8d8d013504e752978b8b26cf67039bfeb2b83c5,ZipAlignmentRecord; ZipAlignmentVerification; ZipAlignResult; ApkZipAligner; ZipAlignmentVerifier,io.github.ffenuss.modkit.analysis.AnalysisCancelledException; io.github.ffenuss.modkit.analysis.CancellationSignal; io.github.ffenuss.modkit.analysis.ProgressSink; io.github.ffenuss.modkit.domain.EngineProgress; io.github.ffenuss.modkit.domain.EngineScheduleClass; io.github.ffenuss.modkit.domain.RunState,0
app/src/main/java/io/github/ffenuss/modkit/build/BuildArtifactExporter.kt,368,9a3503209ec36ab57cfea31d54c9eca45854d7b20bcd7b6654532da53dcefa09,SavedBuildArtifact; SavedApkFiles; BuildArtifactExporter,io.github.ffenuss.modkit.BuildConfig,0
app/src/main/java/io/github/ffenuss/modkit/build/BuildFailureDetails.kt,35,3f1e6846c9aaf06e96dee7f7fdbb0dde68cf50cd1e783a2e42cc94724871d411,BuildFailureDetails,,0
app/src/main/java/io/github/ffenuss/modkit/build/BuildOutputStorage.kt,32,f7869c0ec9e97ff1f41b071d2ce9cc9ba4df8117c14c602b71d8d1fe4bc75b3e,BuildOutputStorage,,0
app/src/main/java/io/github/ffenuss/modkit/build/BuildReportWriter.kt,145,99f06087e378b3e04cd90f1d0aa119e14edcbe174ae28b71b4cd15edc2226d12,BuildReportWriter,io.github.ffenuss.modkit.analysis.FastAnalysisResult; io.github.ffenuss.modkit.patch.MutationDiff,0
app/src/main/java/io/github/ffenuss/modkit/build/BuildStoragePreflight.kt,44,c805ec726e481c9eb77acc2856f4b9c2f7ef97033be2b79cdc2c7aa1ec9053c0,BuildStoragePreflight,,0
app/src/main/java/io/github/ffenuss/modkit/build/BuiltPackageVerifier.kt,246,9ca54900283de8dc952403a03876ac7c448b76de42bf0e5d263310e75c3e8bc8,ParsedApkPackage; InstallabilityVerification; BuiltPackageVerifier,,0
app/src/main/java/io/github/ffenuss/modkit/build/ModKitSigningIdentityProvider.kt,93,dac906b0b8114e4eccacf953e26a6e920b2860e449d79b321b5e1962f023450c,ApkSigningIdentity; ModKitSigningIdentityProvider,,0
app/src/main/java/io/github/ffenuss/modkit/build/MutationDiffVerifier.kt,152,27661fb4d36e86e8c99b271dd0b0af4386119a8d19264f7b0b794dd2577605be,MutationDiffVerification; MutationDiffVerifier,io.github.ffenuss.modkit.analysis.AnalysisCancelledException; io.github.ffenuss.modkit.analysis.CancellationSignal; io.github.ffenuss.modkit.patch.MutationDiff; io.github.ffenuss.modkit.patch.MutationKind,0
app/src/main/java/io/github/ffenuss/modkit/build/PostBuildReanalyzer.kt,58,9b6ec95e00fc7a6715986212ff97dfceb785e0387a7a347ff2efa1d5fee35438,PostBuildReanalyzer,io.github.ffenuss.modkit.analysis.CancellationSignal; io.github.ffenuss.modkit.analysis.EngineResultCache; io.github.ffenuss.modkit.analysis.FastAnalysisResult; io.github.ffenuss.modkit.analysis.FastArtifactIndexer; io.github.ffenuss.modkit.analysis.ProgressSink,0
app/src/main/java/io/github/ffenuss/modkit/build/VerifiedBuildPipeline.kt,273,7b9f3e5f61ffbc05cc9cf6c196c476b6d47bf4611a44f9051510080a3b8b6601,BuiltApkFile; VerifiedBuildResult; VerifiedBuildPipeline,io.github.ffenuss.modkit.analysis.AnalysisCancelledException; io.github.ffenuss.modkit.analysis.CancellationSignal; io.github.ffenuss.modkit.analysis.FastAnalysisResult; io.github.ffenuss.modkit.analysis.ProgressSink; io.github.ffenuss.modkit.domain.EngineProgress; io.github.ffenuss.modkit.domain.EngineScheduleClass; io.github.ffenuss.modkit.domain.RunState; io.github.ffenuss.modkit.patch.MutationApplyOutcome; io.github.ffenuss.modkit.patch.MutationDiff,0
app/src/main/java/io/github/ffenuss/modkit/data/InstalledAppRepository.kt,99,01e2fe91557785d8dad57d27a6d1556a599aa0daa562d164d0ceb581185b9725,InstalledAppTarget; InstalledAppRepository,,0
app/src/main/java/io/github/ffenuss/modkit/domain/AnalysisModels.kt,46,9d037818104dc411e6eaa91c629a9e946cbd3a78752aad691ff3a490e87f72ea,EngineScheduleClass; CapabilityState; ProofLevel; RunState; EngineProgress,,0
app/src/main/java/io/github/ffenuss/modkit/dump/InstalledPackageDumper.kt,423,e51f9cf5e0ef214ce34aede1e629b0f279a211bc6be8e5c2676836f9a8b76c0b,InstalledPackageDumpResult; InstalledPackageDumper,io.github.ffenuss.modkit.data.InstalledAppTarget,0
app/src/main/java/io/github/ffenuss/modkit/patch/AArch64ScalarReturnEncoder.kt,213,2ae12c1d35024ccc1e639f613633ba3499ad547a1a2cf06806659ef782c47568,AArch64ScalarReturnEncoder,io.github.ffenuss.modkit.analysis.Il2CppNativeReturnKind,0
app/src/main/java/io/github/ffenuss/modkit/patch/ArchiveMutationApplier.kt,596,680aac90737d901c3e2bc63e0310f794490304152e1a2ae1b3d0ca19c04f2b81,MutationDiff; MutationApplyResult; ArchiveMutationApplier,io.github.ffenuss.modkit.analysis.AnalysisCancelledException; io.github.ffenuss.modkit.analysis.AnalysisWorkspace; io.github.ffenuss.modkit.analysis.CancellationSignal; io.github.ffenuss.modkit.analysis.ProgressSink; io.github.ffenuss.modkit.analysis.WorkspaceSource; io.github.ffenuss.modkit.domain.EngineProgress; io.github.ffenuss.modkit.domain.EngineScheduleClass; io.github.ffenuss.modkit.domain.RunState,0
app/src/main/java/io/github/ffenuss/modkit/patch/AutoModPreparationCoordinator.kt,129,be2d6d226a6bda61c20d3830c01bba94480de772eb9f493f1f9326c6cece4e31,AutoModPreparationResult; AutoModPreparationCoordinator,io.github.ffenuss.modkit.analysis.AnalysisTargetDescriptor; io.github.ffenuss.modkit.analysis.CancellationSignal; io.github.ffenuss.modkit.analysis.EngineResultCache; io.github.ffenuss.modkit.analysis.EngineSkipController; io.github.ffenuss.modkit.analysis.FastAnalysisResult; io.github.ffenuss.modkit.analysis.ProgressSink; io.github.ffenuss.modkit.analysis.RoutedEngineScheduler; io.github.ffenuss.modkit.analysis.TargetShaVerification; io.github.ffenuss.modkit.analysis.TargetShaVerifier; io.github.ffenuss.modkit.domain.EngineScheduleClass,0
app/src/main/java/io/github/ffenuss/modkit/patch/AutoModRuntimeTestMenuCoordinator.kt,191,5fb2b3d2dfffaac2d600a3ced5daae932964f44b341d259edc765b99975394b3,AutoModRuntimeTestMenuBuild; AutoModRuntimeTestMenuLaunch; AutoModRuntimeTestMenuCoordinator,io.github.ffenuss.modkit.analysis.AnalysisTargetDescriptor; io.github.ffenuss.modkit.analysis.CancellationSignal; io.github.ffenuss.modkit.analysis.EngineResultCache; io.github.ffenuss.modkit.analysis.FastAnalysisResult; io.github.ffenuss.modkit.analysis.ProgressSink; io.github.ffenuss.modkit.runtime.AndroidRepackedRuntimeProbeTransport; io.github.ffenuss.modkit.runtime.BinaryAndroidManifestProbeInjector; io.github.ffenuss.modkit.runtime.RepackedRuntimeBuildCoordinator; io.github.ffenuss.modkit.runtime.RepackedRuntimeBuildResult; io.github.ffenuss.modkit.runtime.RepackedRuntimeInstrumentationCoordinator; io.github.ffenuss.modkit.runtime.RepackedRuntimeProbeIdentityVerifier; io.github.ffenuss.modkit.runtime.RepackedRuntimeTestAppLauncher; io.github.ffenuss.modkit.runtime.RepackedRuntimeTestMenuStatus,0
app/src/main/java/io/github/ffenuss/modkit/patch/AutoModSelectionPolicy.kt,22,c4d3b8732e0c8dc77ebb1d3aacf6bb4d677bd74c861e7515294af3cb8eb1b487,AutoModSelectionPolicy,,0
app/src/main/java/io/github/ffenuss/modkit/patch/DexAutoModCoordinator.kt,272,4d7c12f56fc68e30e4ebe721afb13a51ead49b79db8b63763f4c7227dd15b78b,DexAutoModCoordinator,io.github.ffenuss.modkit.analysis.AnalysisTargetDescriptor; io.github.ffenuss.modkit.analysis.CancellationSignal; io.github.ffenuss.modkit.analysis.EngineResultCache; io.github.ffenuss.modkit.analysis.EvidenceFact; io.github.ffenuss.modkit.analysis.EvidenceTarget; io.github.ffenuss.modkit.analysis.EvidenceTargetKind; io.github.ffenuss.modkit.analysis.FastAnalysisResult; io.github.ffenuss.modkit.analysis.ProgressSink; io.github.ffenuss.modkit.analysis.UserFindingStatus; io.github.ffenuss.modkit.analysis.TargetMaterializer; io.github.ffenuss.modkit.data.InstalledAppRepository; io.github.ffenuss.modkit.domain.EngineProgress; io.github.ffenuss.modkit.domain.EngineScheduleClass; io.github.ffenuss.modkit.domain.ProofLevel; io.github.ffenuss.modkit.domain.RunState,0
app/src/main/java/io/github/ffenuss/modkit/patch/DexGameplayContext.kt,70,0dd67b4a3dd6917e22c80596dfad5979c6cbf96152ab84482763e34b7e6edd32,DexGameplayContext,,0
app/src/main/java/io/github/ffenuss/modkit/patch/DexLocalPatchEngine.kt,745,cf1b31fee2613b639f4e2850b9a8bd176a469587a0edf4d02987a389c39fc8b1,DexLocalCategory; DexLocalAction; DexLocalOpportunity; DexLocalScan; DexLocalRewrite; DexLocalPatchEngine,io.github.ffenuss.modkit.analysis.AnalysisCancelledException; io.github.ffenuss.modkit.analysis.CancellationSignal,0
app/src/main/java/io/github/ffenuss/modkit/patch/DexScanDiagnosticReport.kt,137,3727734d558e6be7d16aa41f9748edadb0a02599fce004bc5a0a6db3896b42a2,DexScanDiagnosticReport,io.github.ffenuss.modkit.BuildConfig; io.github.ffenuss.modkit.analysis.FastAnalysisResult,0
app/src/main/java/io/github/ffenuss/modkit/patch/GameplayCandidateTriage.kt,254,e6c109cbfc75baac785561caea682cf7e6548590f8ec03f18ab9e4dad1151bb7,GameplayCandidateRole; GameplayPatchReadiness; GameplayCategoryOverview; GameplayCandidateBlockerSummary; GameplayCandidateTriage,,0
app/src/main/java/io/github/ffenuss/modkit/patch/GameplayModificationFinder.kt,2288,8ccf76a557f7f82e27b24290e8f05eade72cb471cefa01bcddec2ed7ae55cbd3,GameplayModificationCategory; GameplayMutationAction; GameplayModificationConfidence; GameplayModificationOpportunity; GameplayModificationFinder,io.github.ffenuss.modkit.analysis.EvidenceTarget; io.github.ffenuss.modkit.analysis.EvidenceTargetKind; io.github.ffenuss.modkit.analysis.FastAnalysisResult; io.github.ffenuss.modkit.analysis.Il2CppMethodBinaryBinding; io.github.ffenuss.modkit.analysis.Il2CppNativeReturnKind,0
app/src/main/java/io/github/ffenuss/modkit/patch/Il2CppArm64CallResolver.kt,85,98c3964a4004886aea5425767f0a4e3937001ad8b4fee79f083b6c77fe5df0ca,Il2CppDirectCallResolution; Il2CppArm64CallResolver,io.github.ffenuss.modkit.analysis.EvidenceTarget; io.github.ffenuss.modkit.analysis.EvidenceTargetKind; io.github.ffenuss.modkit.analysis.FastAnalysisResult; io.github.ffenuss.modkit.analysis.nativecode.AArch64Disassembly,0
app/src/main/java/io/github/ffenuss/modkit/patch/Il2CppArm64CallerScanner.kt,317,6e3c7bea3eb4aab5bd183497126be52f5acbe79a7a5966f4b43337491c9a444c,Il2CppArm64CallerHit; Il2CppArm64CallerScanResult; Il2CppArm64CallerScanner,io.github.ffenuss.modkit.analysis.AnalysisCancelledException; io.github.ffenuss.modkit.analysis.CancellationSignal; io.github.ffenuss.modkit.analysis.EvidenceTarget; io.github.ffenuss.modkit.analysis.EvidenceTargetKind; io.github.ffenuss.modkit.analysis.FastAnalysisResult,0
app/src/main/java/io/github/ffenuss/modkit/patch/Il2CppNativeMutationDraftBuilder.kt,353,f3f1dcf5f589a453296a9a281030cea047fb84c232a56de1d0def345f65f4d31,NativeMutationDraft; NativeCodeWindow; Il2CppNativeMutationDraftBuilder,io.github.ffenuss.modkit.analysis.EvidenceTargetKind; io.github.ffenuss.modkit.analysis.FastAnalysisResult; io.github.ffenuss.modkit.analysis.UserFindingStatus; io.github.ffenuss.modkit.domain.ProofLevel,0
app/src/main/java/io/github/ffenuss/modkit/patch/Il2CppPatchTargetBrowser.kt,353,325cd77296bd350a7861d97935b1affe1d83a679b3f5fde33fa501613c21f1c6,Il2CppPatchTargetBrowser,io.github.ffenuss.modkit.analysis.EvidenceTarget; io.github.ffenuss.modkit.analysis.FastAnalysisResult; io.github.ffenuss.modkit.analysis.Il2CppMethodBinaryBinding; io.github.ffenuss.modkit.analysis.Il2CppNativeReturnKind,0
app/src/main/java/io/github/ffenuss/modkit/patch/MutationApplyCoordinator.kt,151,41603bd31904fd4c03caa9947c8a830f02ce005fc96c22785b557b1fae496a03,MutationApplyOutcome; MutationApplyCoordinator,io.github.ffenuss.modkit.analysis.AnalysisTargetDescriptor; io.github.ffenuss.modkit.analysis.CancellationSignal; io.github.ffenuss.modkit.analysis.EngineResultCache; io.github.ffenuss.modkit.analysis.FastAnalysisResult; io.github.ffenuss.modkit.analysis.ProgressSink; io.github.ffenuss.modkit.analysis.TargetShaVerification; io.github.ffenuss.modkit.analysis.TargetShaVerifier,0
app/src/main/java/io/github/ffenuss/modkit/patch/MutationPreflight.kt,297,03f928a779b8c017a63d28da31a75a88dcd3b0f9cc46a5ff41e3ef431f1fc7ae,MutationKind; MutationExecutorRegistry; MutationPayloadRef; MutationRequest; MutationPreflightStatus; MutationPreflightItem; MutationPreflightResult; MutationPreflightEngine,io.github.ffenuss.modkit.analysis.EvidenceTarget; io.github.ffenuss.modkit.analysis.EvidenceTargetKind,0
app/src/main/java/io/github/ffenuss/modkit/patch/NativePatchPreset.kt,217,1ae503f65b32f4d44821eb66b1fbac6a55c6a72c1e259c9edaf136c2ab8a79e1,NativePatchPreset; NativePatchPresetCatalog,io.github.ffenuss.modkit.analysis.Il2CppNativeReturnKind,0
app/src/main/java/io/github/ffenuss/modkit/patch/PatchBuildSelectionMerger.kt,31,82bcd4b23e31b1acf7360937af815078ad8b67bb75be09ee965fd14c341e03d1,PatchBuildSelectionMerger,,0
app/src/main/java/io/github/ffenuss/modkit/patch/PatchLabDiagnosticReportExporter.kt,55,ff02a6567d43fc5005dac2a1cf4f0278d8f153e76ed144d2e33fd2c69fee3438,PatchLabDiagnosticReportExporter,io.github.ffenuss.modkit.BuildConfig,0
app/src/main/java/io/github/ffenuss/modkit/patch/PatchLabDiagnosticReportWriter.kt,861,5db4f508579d0b9ba4c9a664e44779a69c48516a2c1bfc79fcc3ae1e1bf1fe94,PatchLabDiagnosticReportWriter,io.github.ffenuss.modkit.analysis.EvidenceTargetKind; io.github.ffenuss.modkit.analysis.FastAnalysisResult,0
app/src/main/java/io/github/ffenuss/modkit/patch/PatchPreparation.kt,170,c54ba72cdf01d390ca011949f7d8b433269ba3198874bcf9610e293de2cb3b94,PreparationTargetStatus; PreparedTarget; PatchPreparationSummary; PatchPreparationPlan; PatchPreparationPlanner,io.github.ffenuss.modkit.analysis.EvidenceBlocker; io.github.ffenuss.modkit.analysis.EvidenceTarget; io.github.ffenuss.modkit.analysis.FastAnalysisResult; io.github.ffenuss.modkit.analysis.TargetShaVerification; io.github.ffenuss.modkit.analysis.UserFindingStatus; io.github.ffenuss.modkit.domain.ProofLevel,0
app/src/main/java/io/github/ffenuss/modkit/patch/PatchWorkspaceProvider.kt,139,461d95676250ce8578e4149fcff9233e56d8e9dea6b11fbd6b12711bb53c95ce,PatchWorkspaceSnapshot; PatchWorkspaceProvider,io.github.ffenuss.modkit.analysis.AnalysisCancelledException; io.github.ffenuss.modkit.analysis.AnalysisTargetDescriptor; io.github.ffenuss.modkit.analysis.AnalysisWorkspace; io.github.ffenuss.modkit.analysis.ArtifactSource; io.github.ffenuss.modkit.analysis.CancellationSignal; io.github.ffenuss.modkit.analysis.EngineResultCache; io.github.ffenuss.modkit.analysis.FastAnalysisResult; io.github.ffenuss.modkit.analysis.FastArtifactIndexer; io.github.ffenuss.modkit.analysis.ProgressSink; io.github.ffenuss.modkit.analysis.TargetMaterializer; io.github.ffenuss.modkit.analysis.WorkspaceSource; io.github.ffenuss.modkit.data.InstalledAppRepository,0
app/src/main/java/io/github/ffenuss/modkit/patch/RuntimeGameplayTestMenuBuilder.kt,220,5c8b2f985ebee09e12ff12a5e4ab6b3d64c359a0ce433f8a679e62d8009f8a59,RuntimeGameplayTestMenuSpec; RuntimeGameplayTestMenuBuilder,io.github.ffenuss.modkit.analysis.FastAnalysisResult; io.github.ffenuss.modkit.runtime.RepackedRuntimeTestMenuItem; io.github.ffenuss.modkit.runtime.RepackedRuntimeTestMenuItemMode,0
app/src/main/java/io/github/ffenuss/modkit/patch/StagingApkVerifier.kt,289,c7e37f9b6f28212aa5c1ab24b88e0da716d01b97c2f347ca05847fd88e3d8054,StagingFileVerification; StagingVerificationResult; StagingApkVerifier,io.github.ffenuss.modkit.analysis.AnalysisCancelledException; io.github.ffenuss.modkit.analysis.CancellationSignal; io.github.ffenuss.modkit.analysis.ProgressSink; io.github.ffenuss.modkit.domain.EngineProgress; io.github.ffenuss.modkit.domain.EngineScheduleClass; io.github.ffenuss.modkit.domain.RunState,0
app/src/main/java/io/github/ffenuss/modkit/runtime/BinaryAndroidManifest.kt,653,52c552e83eb4ae573fa2f585869acf8e331ea6b007fe327aaafa9b38645d71a3,BinaryAndroidManifestInfo; BinaryAndroidManifestInspector,io.github.ffenuss.modkit.analysis.AnalysisCancelledException; io.github.ffenuss.modkit.analysis.CancellationSignal,0
app/src/main/java/io/github/ffenuss/modkit/runtime/BinaryAndroidManifestProbeInjector.kt,851,6b3827cf3499f1aa8313e51190e621e31f83964381bf1dbbe590fa4dfac185a8,BinaryManifestProbeInjectionResult; BinaryAndroidManifestProbeInjector,,0
app/src/main/java/io/github/ffenuss/modkit/runtime/NonRootProcessDiscovery.kt,249,3381ab363b2493c4c5156cfcba41b9e33af53fdf84aca3a44ad87a8ac68259fe,NonRootProcessDiscoverySource; NonRootProcessHint; NonRootProcessCandidate; NonRootProcessDiscoveryResult; NonRootProcessProbe; AndroidNonRootProcessProbe; NonRootProcessDiscovery,io.github.ffenuss.modkit.analysis.AnalysisCancelledException; io.github.ffenuss.modkit.analysis.CancellationSignal,0
app/src/main/java/io/github/ffenuss/modkit/runtime/NonRootRuntimeCapture.kt,88,e1f62a92ff32bf27bfad6a994ed529e0919550340a855a7c5c749e3f6b5c5732,VerifiedNonRootProcessCapture; NonRootRuntimeCaptureCoordinator,io.github.ffenuss.modkit.analysis.CancellationSignal,0
app/src/main/java/io/github/ffenuss/modkit/runtime/ProcMapsCapture.kt,196,7e2c9c3d99b6c35068bd147d9c61cd9749fa5b32a15c7147ee4a44079a328bdc,ProcMapsCaptureSource; ProcMapsCapture; ProcMapsCaptureReader,io.github.ffenuss.modkit.analysis.AnalysisCancelledException; io.github.ffenuss.modkit.analysis.CancellationSignal,0
app/src/main/java/io/github/ffenuss/modkit/runtime/ProcessOverlayConfig.kt,152,580c358dae2dad340366f44fc1231b2cd911262f2b50db2bf55a29e3ba373a27,ProcessOverlayConfig; ProcessOverlayConfigCodec,,0
app/src/main/java/io/github/ffenuss/modkit/runtime/RepackedRuntimeBuild.kt,688,07fe65d620ea97a82e811472b930ce61f4bfe69d00e90331616895026b2d37fd,RepackedRuntimeSanitizedApk; RepackedRuntimeBuiltApk; RepackedRuntimeBuildResult; RepackedRuntimeSignatureStripper; RepackedRuntimeBuildPreflightResult; RepackedRuntimeBuildPreflight; RepackedRuntimeBuildCoordinator; RepackedRuntimeBuildReportWriter,io.github.ffenuss.modkit.analysis.AnalysisCancelledException; io.github.ffenuss.modkit.analysis.CancellationSignal; io.github.ffenuss.modkit.analysis.ProgressSink; io.github.ffenuss.modkit.build.ApkSignatureVerification; io.github.ffenuss.modkit.build.ApkSigningStage; io.github.ffenuss.modkit.build.ApkZipAligner; io.github.ffenuss.modkit.build.BuiltPackageVerifier; io.github.ffenuss.modkit.build.InstallabilityVerification; io.github.ffenuss.modkit.build.ModKitSigningIdentityProvider; io.github.ffenuss.modkit.build.ZipAlignmentVerification,0
app/src/main/java/io/github/ffenuss/modkit/runtime/RepackedRuntimeEvidenceCapture.kt,1051,a66d4a0a0f0790720762a8b1b41b33d63b6becc6f6ac8fd2230b43c9ce11af9c,RepackedRuntimeInstalledProbe; RepackedRuntimeProbeQuery; RepackedRuntimeNativeLookupReply; RepackedRuntimeTestMenuItemMode; RepackedRuntimeTestMenuItem; RepackedRuntimeTestMenuStatus; RepackedRuntimeNativeTraceStatus; RepackedRuntimeProbeCaptureResult; RepackedRuntimeProbeTransport; RepackedRuntimeTestMenuTransport; RepackedRuntimeNativeLookupTransport; RepackedRuntimePassiveTraceTransport; RepackedRuntimeProbeIdentityVerifier; AndroidRepackedRuntimeProbeTransport; RuntimeEvidenceProviderContract; ParsedRepackedRuntimeEvidence; RepackedRuntimeEvidenceProtocol; RepackedRuntimeEvidenceCapture,io.github.ffenuss.modkit.analysis.AnalysisCancelledException; io.github.ffenuss.modkit.analysis.CancellationSignal; io.github.ffenuss.modkit.analysis.ArtifactEntry,0
app/src/main/java/io/github/ffenuss/modkit/runtime/RepackedRuntimeInstallPlan.kt,251,82567f2195c4a52a0c4f2ec488c960ca12804298efea6b77f752dc9e684afb62,RepackedRuntimeInstallApk; RepackedRuntimeInstallPlan; RepackedRuntimeInstallPlanner,io.github.ffenuss.modkit.analysis.AnalysisCancelledException; io.github.ffenuss.modkit.analysis.CancellationSignal; io.github.ffenuss.modkit.build.VerifiedBuildResult,0
app/src/main/java/io/github/ffenuss/modkit/runtime/RepackedRuntimeInstrumentationCoordinator.kt,220,1f153ea57c8a89b82a237d1f5fe72d4c597c288c8cd6876fa62e981105ff1bf5,RepackedRuntimeInstrumentationResult; RepackedRuntimeNativeInstrumentationResult; RepackedRuntimeInstrumentationCoordinator,io.github.ffenuss.modkit.analysis.AnalysisWorkspace; io.github.ffenuss.modkit.analysis.CancellationSignal,0
app/src/main/java/io/github/ffenuss/modkit/runtime/RepackedRuntimeManifestInventory.kt,120,362cc4231ba11365da727480443b974a945c761d445c943622971e4151e0a6d7,RepackedRuntimeManifestRecord; RepackedRuntimeManifestInventory; RepackedRuntimeManifestInventoryBuilder,io.github.ffenuss.modkit.analysis.CancellationSignal,0
app/src/main/java/io/github/ffenuss/modkit/runtime/RepackedRuntimeManifestRewriter.kt,391,2d0e75ecea09ff6fc116e4ada222e634b2e656d5ff09fb88aa30e282d2de02c9,RepackedRuntimeManifestRewriteSource; RepackedRuntimeManifestRewriteResult; RepackedRuntimeManifestRewriter,io.github.ffenuss.modkit.analysis.AnalysisCancelledException; io.github.ffenuss.modkit.analysis.CancellationSignal,0
app/src/main/java/io/github/ffenuss/modkit/runtime/RepackedRuntimeNativeLookupCapture.kt,224,e405c4e908f370f8af7bc499d410ad58256f1477dbc06df48870d88774dde923,RepackedRuntimeNativeLookupResult; RepackedRuntimeNativeLookupCapture,io.github.ffenuss.modkit.analysis.AnalysisCancelledException; io.github.ffenuss.modkit.analysis.CancellationSignal,0
app/src/main/java/io/github/ffenuss/modkit/runtime/RepackedRuntimeNativeLookupCoordinator.kt,335,86c9f2b3e45e1dc246c15a584c0be6850cc63446207dc71fe1b66953742e0b45,RepackedRuntimeNativeLookupExecution; RepackedRuntimeResolvedModuleEvidence; RepackedRuntimeNativeLookupCoordinator,io.github.ffenuss.modkit.analysis.AnalysisCancelledException; io.github.ffenuss.modkit.analysis.AnalysisWorkspace; io.github.ffenuss.modkit.analysis.ArtifactEntry; io.github.ffenuss.modkit.analysis.BinaryFormat; io.github.ffenuss.modkit.analysis.CancellationSignal; io.github.ffenuss.modkit.analysis.WorkspaceSource,0
app/src/main/java/io/github/ffenuss/modkit/runtime/RepackedRuntimeNativeProbeInjector.kt,517,8b0ec9047e906c54b12de9a7b907f7ea2aed328d3507c09070e4e5d2f286a00b,RepackedRuntimeNativeProbeInjectedSource; RepackedRuntimeNativeProbeInjectionResult; RepackedRuntimeNativeProbeInjector,io.github.ffenuss.modkit.analysis.AnalysisCancelledException; io.github.ffenuss.modkit.analysis.CancellationSignal,0
app/src/main/java/io/github/ffenuss/modkit/runtime/RepackedRuntimeNativeTraceExport.kt,286,771bbedfc7fab5e4feb571d91d93c8498f4b6b0676b09ecca49b01d948e4c728,RepackedRuntimeNativeTraceExport; RepackedRuntimeNativeTraceExportProtocol,,0
app/src/main/java/io/github/ffenuss/modkit/runtime/RepackedRuntimePackageInstaller.kt,656,710e08125b92bc748aab178fc56f8d5bb9c4d648d79a74e4430563eca6124461,RepackedRuntimeInstallReadinessState; RepackedRuntimeInstallReadiness; RepackedRuntimeInstallStatusKind; RepackedRuntimeInstallStatus; RepackedRuntimeInstallSubmission; RepackedRuntimeInstallStatusStore; AndroidRepackedRuntimeInstaller; RepackedRuntimeInstallConfirmationStore; RepackedRuntimeInstallStatusHandler; RepackedInstallStatusReceiver,io.github.ffenuss.modkit.analysis.AnalysisCancelledException; io.github.ffenuss.modkit.analysis.CancellationSignal,0
app/src/main/java/io/github/ffenuss/modkit/runtime/RepackedRuntimePassiveJniTrace.kt,756,cd0cce587419b616e3a141aaf718899f3591755c5545e1a1fe8c02e7e12920cb,RepackedRuntimePassiveJniTraceStatus; RepackedRuntimePassiveJniTraceSession; RepackedRuntimePassiveJniTraceExport; RepackedRuntimePassiveJniTraceResult; RepackedRuntimePassiveJniTraceValidationExecution; RepackedRuntimePassiveJniTraceTransport; RepackedRuntimePassiveJniTraceExportProtocol; RepackedRuntimePassiveJniTraceSessionCapture; RepackedRuntimePassiveJniTraceCoordinator,io.github.ffenuss.modkit.analysis.AnalysisCancelledException; io.github.ffenuss.modkit.analysis.AnalysisWorkspace; io.github.ffenuss.modkit.analysis.CancellationSignal,0
app/src/main/java/io/github/ffenuss/modkit/runtime/RepackedRuntimePassiveTraceCoordinator.kt,156,7da7b209dd58f78c5287219f5c9d2b32f31a259dcfcc14bab50c00921a019ffe,RepackedRuntimePassiveTraceValidationExecution; RepackedRuntimePassiveTraceCoordinator,io.github.ffenuss.modkit.analysis.AnalysisCancelledException; io.github.ffenuss.modkit.analysis.AnalysisWorkspace; io.github.ffenuss.modkit.analysis.CancellationSignal,0
app/src/main/java/io/github/ffenuss/modkit/runtime/RepackedRuntimePassiveTraceSession.kt,318,12d9252c51ee0e0d144f8da286434768ab6d7c53af881d4fc16e0d44c69506ae,RepackedRuntimePassiveTraceSession; RepackedRuntimePassiveTraceResult; RepackedRuntimePassiveTraceSessionCapture,io.github.ffenuss.modkit.analysis.AnalysisCancelledException; io.github.ffenuss.modkit.analysis.CancellationSignal,0
app/src/main/java/io/github/ffenuss/modkit/runtime/RepackedRuntimeProbePayloadInjector.kt,587,ce52cfeebad9c1af4a387e8f937cd22e20259faed5ff7590cdac28b7dedbb041,RepackedRuntimeProbeInjectedSource; RepackedRuntimeProbeInjectionResult; RepackedRuntimeProbePayloadInjector,io.github.ffenuss.modkit.analysis.AnalysisCancelledException; io.github.ffenuss.modkit.analysis.CancellationSignal,0
app/src/main/java/io/github/ffenuss/modkit/runtime/RepackedRuntimeTestAppLauncher.kt,70,4131f4c0cf19c45bbb4c53c3e99421461c7e47f3672dbfbbd846b29edf6f932d,RepackedRuntimeLaunchResult; RepackedRuntimeTestAppLauncher,,0
app/src/main/java/io/github/ffenuss/modkit/runtime/RepackedTestRuntime.kt,320,9ed1ecfe9285dd0e09513e7d6ece8e51c78f21b95ff94224645d75b46441ff79,RepackedRuntimeCapability; RepackedRuntimeBlocker; RepackedRuntimeManifestContract; RepackedTestRuntimePlan; RepackedTestRuntimePlanner; RepackedRuntimePreparedSource; RepackedRuntimePreparedWorkspace; RepackedRuntimeWorkspacePreparer,io.github.ffenuss.modkit.analysis.AnalysisCancelledException; io.github.ffenuss.modkit.analysis.AnalysisWorkspace; io.github.ffenuss.modkit.analysis.CancellationSignal; io.github.ffenuss.modkit.analysis.FastAnalysisResult,0
app/src/main/java/io/github/ffenuss/modkit/runtime/RuntimeEscalation.kt,152,da8f371dac9a0f13e9264413a862c488e13a342cdba0466496fb791cef8d6147,RuntimeEscalationStage; RuntimeEscalationNeed; RuntimeEscalationPlan; RuntimeEscalationPlanner; ProcMapRegion; ProcMapsParser,io.github.ffenuss.modkit.analysis.FastAnalysisResult; io.github.ffenuss.modkit.domain.ProofLevel,0
app/src/main/java/io/github/ffenuss/modkit/runtime/RuntimeEvidenceContract.kt,237,1ab895cd86e71b806b154eb13755031ff27424431dbd21b9bb6c3d53f517f0b1,RuntimeEvidenceObservationKind; RuntimeEvidenceObservationStrength; RuntimeEvidenceObservation; RuntimeEvidenceContract,io.github.ffenuss.modkit.domain.ProofLevel,0
app/src/main/java/io/github/ffenuss/modkit/runtime/RuntimeMemoryElf.kt,583,e4187e7bcf1e5ac88b44d71bb30e3bc8c76a38196114eff39648c0642804e511,RuntimeMemoryElfValidationStatus; RuntimeMemoryElfEvidence; ProcMemRuntimeMemoryReader; RuntimeMemoryElfValidator,io.github.ffenuss.modkit.analysis.AnalysisCancelledException; io.github.ffenuss.modkit.analysis.CancellationSignal,0
app/src/main/java/io/github/ffenuss/modkit/runtime/RuntimeMemoryMappingDetector.kt,61,95d05a3917b0e99c07cd5e3844648e059e9c545a8e38833fffb708fb47f7d995,RuntimeMemoryMappingCandidate; RuntimeMemoryMappingDetector,,0
app/src/main/java/io/github/ffenuss/modkit/runtime/RuntimeModuleEvidence.kt,561,36aa89434a65a50a3475ce00bcf6d6e72dd64dfeaa2cc6e500d0c17ea5126c71,RuntimeModuleMappingEvidence; RuntimeAddressConfirmation; RuntimeEvidenceBundle; RuntimeModuleMappingResolver; RuntimeModuleEvidenceCollector; RuntimeEvidenceIntegrator,io.github.ffenuss.modkit.analysis.AnalysisCancelledException; io.github.ffenuss.modkit.analysis.ArtifactEntry; io.github.ffenuss.modkit.analysis.CancellationSignal; io.github.ffenuss.modkit.analysis.ElfImage; io.github.ffenuss.modkit.analysis.ElfLoadSegment; io.github.ffenuss.modkit.analysis.EvidenceFact; io.github.ffenuss.modkit.analysis.EvidenceGraph; io.github.ffenuss.modkit.analysis.FastAnalysisResult; io.github.ffenuss.modkit.analysis.UserFindingStatus; io.github.ffenuss.modkit.domain.ProofLevel,0
app/src/main/java/io/github/ffenuss/modkit/runtime/RuntimeModuleInventory.kt,89,8afda78afd79e74a0868f32cfa19256786e803e2ad354aa970eec03a3e7316a8,RuntimeMappedModule; RuntimeModuleInventoryBuilder,io.github.ffenuss.modkit.analysis.ArtifactEntry; io.github.ffenuss.modkit.analysis.BinaryFormat,0
app/src/main/java/io/github/ffenuss/modkit/runtime/RuntimeNativeLookupGraphAnnotator.kt,110,5150fe5aaad5c3f93c7678b980d4f88ec539607a6fa0ae05095b2f75bfd594f1,RuntimeNativeLookupGraphAnnotator,io.github.ffenuss.modkit.analysis.EvidenceFact; io.github.ffenuss.modkit.analysis.EvidenceGraph; io.github.ffenuss.modkit.analysis.EvidenceTargetKind; io.github.ffenuss.modkit.analysis.FastAnalysisResult,0
app/src/main/java/io/github/ffenuss/modkit/runtime/RuntimeNativeLookupTrace.kt,504,6ddb6e568d5a4f1e7a253216b3248a497a23de319d11c6bd1d5ccdde808fb6af,RuntimeNativeLookupKind; RuntimeNativeTraceSource; RuntimeNativeAcquisitionMode; RuntimeNativeLookupEvent; RuntimeNativeTraceCapture; RuntimeNativeTraceParseResult; RuntimeNativeTraceValidationResult; RuntimeNativeTraceParser; RuntimeNativeLookupValidator; RuntimeNativeTraceCapability; RuntimeNativeTraceCapabilityRegistry,,0
app/src/main/java/io/github/ffenuss/modkit/runtime/RuntimeProbeNativePayload.kt,229,e2edbb5f2e70d099518d78f64032633ab434efda4e644228d6b62ec64cc8770b,RuntimeProbeNativePayload; RuntimeProbeNativePayloadValidation; RuntimeProbeNativePayloadValidator; RuntimeProbeNativePayloadSource,io.github.ffenuss.modkit.analysis.AnalysisCancelledException; io.github.ffenuss.modkit.analysis.CancellationSignal,0
app/src/main/java/io/github/ffenuss/modkit/runtime/RuntimeProbePayload.kt,208,972b95b0b627d1a4302558d5e74d3134b83b9445fa7de6bd422dc3649b253fd3,RuntimeProbePayload; RuntimeProbePayloadValidation; RuntimeProbePayloadSource; RuntimeProbeDexValidator,io.github.ffenuss.modkit.analysis.AnalysisCancelledException; io.github.ffenuss.modkit.analysis.CancellationSignal,0
app/src/main/java/io/github/ffenuss/modkit/runtime/RuntimeStageAttemptLedger.kt,80,0d0483013c981e9d0714c7039c4bc17826a5d8af9e962fb8ced51d7757a63cc4,RuntimeStageAttemptLedger; RuntimeStageAttemptRecorder,,0
app/src/main/java/io/github/ffenuss/modkit/runtime/RuntimeStageModels.kt,35,2d255a6053c3f99bbb700775a6a3641f925c4dfd9683d1bb40fec9dcffe4edb3,RuntimeStageAttemptState; RuntimeStageBlockerCategory; RuntimeStageBlocker; RuntimeStageAttempt,,0
app/src/main/java/io/github/ffenuss/modkit/ui/AutoModSessionStore.kt,161,d6cd9cd96cee8d090eda1f853e16d473e9df13773530a400c9ac46138ca953ef,AutoModSessionSnapshot; AutoModSessionStore,io.github.ffenuss.modkit.analysis.AnalysisTargetDescriptor,0
app/src/main/java/io/github/ffenuss/modkit/ui/ModKitApp.kt,524,2417fca57b8924ed59d84c2de1518a768ecbd7a6831f1b613a324fd4f561bacc,Screen,io.github.ffenuss.modkit.analysis.AnalysisManager; io.github.ffenuss.modkit.analysis.AnalysisRunState; io.github.ffenuss.modkit.analysis.AnalysisTargetDescriptor; io.github.ffenuss.modkit.analysis.EngineResultCache; io.github.ffenuss.modkit.analysis.FastAnalysisResult; io.github.ffenuss.modkit.data.InstalledAppRepository; io.github.ffenuss.modkit.data.InstalledAppTarget; io.github.ffenuss.modkit.dump.InstalledPackageDumper; io.github.ffenuss.modkit.ui.screens.AnalysisScreen; io.github.ffenuss.modkit.ui.screens.AutoModScreen; io.github.ffenuss.modkit.ui.screens.InstalledAppsScreen; io.github.ffenuss.modkit.ui.screens.InstalledTargetKind; io.github.ffenuss.modkit.ui.screens.RecoveryScreen; io.github.ffenuss.modkit.ui.screens.RestoringPartialScreen; io.github.ffenuss.modkit.ui.screens.TargetSelectionScreen,0
app/src/main/java/io/github/ffenuss/modkit/ui/screens/AnalysisScreen.kt,684,e0623484e9786503cd57f1aedd49222f617a790d0cc62a52801ecc3511d2d66d,,io.github.ffenuss.modkit.analysis.DetectionConfidence; io.github.ffenuss.modkit.analysis.DetectionStatus; io.github.ffenuss.modkit.analysis.FastAnalysisResult; io.github.ffenuss.modkit.analysis.UserFindingStatus; io.github.ffenuss.modkit.domain.EngineProgress; io.github.ffenuss.modkit.patch.Il2CppPatchTargetBrowser,0
app/src/main/java/io/github/ffenuss/modkit/ui/screens/AutoModScreen.kt,2420,a464172628bb266cf8350e770afda0c7efc48986ebd919bd8afa1dddb30e2a8a,,io.github.ffenuss.modkit.analysis.AnalysisCancelledException; io.github.ffenuss.modkit.analysis.BinaryFormat; io.github.ffenuss.modkit.analysis.AnalysisTargetDescriptor; io.github.ffenuss.modkit.analysis.AtomicCancellationSignal; io.github.ffenuss.modkit.analysis.FastAnalysisResult; io.github.ffenuss.modkit.analysis.ProgressSink; io.github.ffenuss.modkit.build.BuildArtifactExporter; io.github.ffenuss.modkit.build.VerifiedBuildPipeline; io.github.ffenuss.modkit.build.VerifiedBuildResult; io.github.ffenuss.modkit.domain.EngineProgress; io.github.ffenuss.modkit.patch.AutoModPreparationCoordinator; io.github.ffenuss.modkit.patch.AutoModRuntimeTestMenuBuild; io.github.ffenuss.modkit.patch.AutoModRuntimeTestMenuCoordinator; io.github.ffenuss.modkit.patch.DexAutoModCoordinator; io.github.ffenuss.modkit.patch.DexLocalCategory; io.github.ffenuss.modkit.patch.DexLocalOpportunity; io.github.ffenuss.modkit.patch.DexLocalScan; io.github.ffenuss.modkit.patch.DexScanDiagnosticReport; io.github.ffenuss.modkit.patch.GameplayModificationFinder; io.github.ffenuss.modkit.patch.GameplayModificationOpportunity; io.github.ffenuss.modkit.patch.Il2CppPatchTargetBrowser; io.github.ffenuss.modkit.patch.MutationApplyOutcome; io.github.ffenuss.modkit.patch.PatchLabDiagnosticReportExporter; io.github.ffenuss.modkit.patch.PatchLabDiagnosticReportWriter; io.github.ffenuss.modkit.patch.PatchPreparationPlan; io.github.ffenuss.modkit.patch.PreparationTargetStatus; io.github.ffenuss.modkit.runtime.AndroidRepackedRuntimeInstaller; io.github.ffenuss.modkit.runtime.RepackedRuntimeInstallPlanner; io.github.ffenuss.modkit.runtime.RepackedRuntimeInstallReadiness; io.github.ffenuss.modkit.runtime.RepackedRuntimeInstallReadinessState; io.github.ffenuss.modkit.runtime.RepackedRuntimeInstallConfirmationStore; io.github.ffenuss.modkit.runtime.RepackedRuntimeInstallStatusKind; io.github.ffenuss.modkit.runtime.RepackedRuntimeInstallStatusStore,0
app/src/main/java/io/github/ffenuss/modkit/ui/screens/InstalledAppsScreen.kt,433,c3dcea0f055ee1c96fe9b32cca9e2f21ebcf9533178f8904965989951eb6eff1,InstalledTargetKind,io.github.ffenuss.modkit.data.InstalledAppTarget,0
app/src/main/java/io/github/ffenuss/modkit/ui/screens/ManualNativePatchSection.kt,2905,608489d13740c34ddba7d7dfcce693c8e7ef452d2d9106f74b3988aa4de84c3f,,io.github.ffenuss.modkit.analysis.AnalysisCancelledException; io.github.ffenuss.modkit.analysis.AnalysisTargetDescriptor; io.github.ffenuss.modkit.analysis.AtomicCancellationSignal; io.github.ffenuss.modkit.analysis.FastAnalysisResult; io.github.ffenuss.modkit.analysis.ProgressSink; io.github.ffenuss.modkit.analysis.nativecode.AArch64ControlFlowGraphBuilder; io.github.ffenuss.modkit.analysis.nativecode.AArch64Disassembler; io.github.ffenuss.modkit.analysis.nativecode.AArch64MethodAnalyzer; io.github.ffenuss.modkit.domain.EngineProgress; io.github.ffenuss.modkit.patch.AArch64ScalarReturnEncoder; io.github.ffenuss.modkit.patch.GameplayCandidateTriage; io.github.ffenuss.modkit.patch.summarizeGameplayBlockers; io.github.ffenuss.modkit.patch.GameplayModificationCategory; io.github.ffenuss.modkit.patch.GameplayModificationFinder; io.github.ffenuss.modkit.patch.GameplayModificationOpportunity; io.github.ffenuss.modkit.patch.Il2CppArm64CallResolver; io.github.ffenuss.modkit.patch.Il2CppArm64CallerScanResult; io.github.ffenuss.modkit.patch.Il2CppArm64CallerScanner; io.github.ffenuss.modkit.patch.Il2CppNativeMutationDraftBuilder; io.github.ffenuss.modkit.patch.Il2CppPatchTargetBrowser; io.github.ffenuss.modkit.analysis.Il2CppNativeReturnKind; io.github.ffenuss.modkit.patch.MutationApplyCoordinator; io.github.ffenuss.modkit.patch.MutationApplyOutcome; io.github.ffenuss.modkit.patch.MutationPreflightEngine; io.github.ffenuss.modkit.patch.MutationPreflightResult; io.github.ffenuss.modkit.patch.NativeCodeWindow; io.github.ffenuss.modkit.patch.NativeMutationDraft; io.github.ffenuss.modkit.patch.NativePatchPresetCatalog; io.github.ffenuss.modkit.patch.AutoModSelectionPolicy; io.github.ffenuss.modkit.patch.PatchBuildSelectionMerger; io.github.ffenuss.modkit.patch.PatchPreparationPlan; io.github.ffenuss.modkit.patch.PreparationTargetStatus,0
app/src/main/java/io/github/ffenuss/modkit/ui/screens/RecoveryScreen.kt,75,cd0518fdf71c92c73217da631bce5f541a06f8750b8d0607017cee2236590dec,,io.github.ffenuss.modkit.analysis.AnalysisRunState,0
app/src/main/java/io/github/ffenuss/modkit/ui/screens/TargetSelectionScreen.kt,134,f14bfcdf16566f58dec910001255241c89b573bdec30c0992d4182a6a26d11e8,,io.github.ffenuss.modkit.BuildConfig,0
app/src/main/java/io/github/ffenuss/modkit/ui/theme/Theme.kt,13,71344ea5d870b493603c2af89105c167605df137addcef9794246c07f2cb74ea,,,0
app/src/main/res/drawable/ic_modkit_notification.xml,9,4085b82ef667633237a25ba42fc7840dbdba34052e7b3bdfb3616a7116759973,,,0
app/src/main/res/values/strings.xml,3,6abe2b1053c3667698be94994404c61f5089a9ffe763310f45c1c23b965dac44,,,0
app/src/main/res/values/styles.xml,7,0bfd7ad854f06a62f18d198e9821bf6aaf6fc12c82c62158c40f09229fdc348f,,,0
app/src/main/res/xml/file_paths.xml,12,5841933c40343a82be5e702ef231000f798808b92a2a389a714d5868d1474bd8,,,0
app/src/test/java/io/github/ffenuss/modkit/analysis/AnalysisWatchdogPolicyTest.kt,78,4851d5216f41d3ec0844535609fe61e19eeba6e130a288ac68e939c71d1943d9,AnalysisWatchdogPolicyTest,io.github.ffenuss.modkit.domain.EngineScheduleClass,4
app/src/test/java/io/github/ffenuss/modkit/analysis/ArtifactIdentityTest.kt,37,a09e74f839367f494f0aaa461d954273ffd0c7f690635b528fae5a3c56762a0f,ArtifactIdentityTest,,2
app/src/test/java/io/github/ffenuss/modkit/analysis/ArtifactIndexTest.kt,35,9f0741249c14c1c34da70cdf7321849d33e59ed7144501a43ebcfa38761ba84c,ArtifactIndexTest,,1
app/src/test/java/io/github/ffenuss/modkit/analysis/DexInventoryEngineTest.kt,222,2848845024549051244f9e76761a4ad544462e92fafb99825399ecbb70bf6acc,DexInventoryEngineTest,io.github.ffenuss.modkit.domain.EngineProgress,3
app/src/test/java/io/github/ffenuss/modkit/analysis/EngineResultCacheTest.kt,317,b8d270c3d046d377c99b02bb1cc0c510b20cbc852ad52a106af71cd65660e990,EngineResultCacheTest,,5
app/src/test/java/io/github/ffenuss/modkit/analysis/EngineRouterTest.kt,33,fe1dccb36f5b2988a4fa99b16a853f3b7d4b404dbd3d3087adc20a15ad4b106a,EngineRouterTest,io.github.ffenuss.modkit.domain.EngineScheduleClass,1
app/src/test/java/io/github/ffenuss/modkit/analysis/EngineSkipControllerTest.kt,20,a9c368f37e02da45c95b34171512878e4e2baa9cc9ea28ef0059434b905d7bcc,EngineSkipControllerTest,,1
app/src/test/java/io/github/ffenuss/modkit/analysis/EvidenceGateTest.kt,100,2dfbbbfd22573d609a9771d2bbbfe9da9bf8127c8692c2c00924b18cc41d76b7,EvidenceGateTest,io.github.ffenuss.modkit.domain.ProofLevel,5
app/src/test/java/io/github/ffenuss/modkit/analysis/EvidenceGraphBuilderTest.kt,387,152a9835fd56ef0df6d52e09479114fdd9a365b8f17f1eb2466f5398f22517e5,EvidenceGraphBuilderTest,io.github.ffenuss.modkit.domain.ProofLevel,5
app/src/test/java/io/github/ffenuss/modkit/analysis/ExpertCapabilityValidatorTest.kt,79,3d338185554aac487318062a6f4896e34d989553431edfec9e73ebd660bf9c7d,ExpertCapabilityValidatorTest,io.github.ffenuss.modkit.domain.EngineScheduleClass,3
app/src/test/java/io/github/ffenuss/modkit/analysis/FastArtifactIndexerTest.kt,148,8ef7230fd93f63299b686bc8d5e43fade32a7b89f502a0b38ea675972880394f,FastArtifactIndexerTest,io.github.ffenuss.modkit.domain.RunState,4
app/src/test/java/io/github/ffenuss/modkit/analysis/Il2CppCodeGenScannerTest.kt,592,1bc52623f4a11199f3ba642aaf5a8a5fccaabd3e2060db92492564329d82b015,Il2CppCodeGenScannerTest,,8
app/src/test/java/io/github/ffenuss/modkit/analysis/Il2CppFastDumpEngineTest.kt,124,54d16c0f970c0e410220ca9f3a3af5febef6290df9d900c94ac730045cc5a38b,Il2CppFastDumpEngineTest,,1
app/src/test/java/io/github/ffenuss/modkit/analysis/Il2CppMetadataReaderTest.kt,162,d4ed4aaa945b02bbed0ec7ae9b563803429b09f57a9a2824a1937db49b640fea,Il2CppMetadataReaderTest,,4
app/src/test/java/io/github/ffenuss/modkit/analysis/RuntimeEvidenceCacheTest.kt,63,3bd3bdd41adbb0420e6e624ab29a80d2d7d840bc1908e039220c363027691c8d,RuntimeEvidenceCacheTest,io.github.ffenuss.modkit.runtime.ProcMapsCaptureSource; io.github.ffenuss.modkit.runtime.RuntimeEvidenceBundle; io.github.ffenuss.modkit.runtime.RuntimeEvidenceObservation; io.github.ffenuss.modkit.runtime.RuntimeEvidenceObservationKind; io.github.ffenuss.modkit.runtime.RuntimeEvidenceObservationStrength,1
app/src/test/java/io/github/ffenuss/modkit/analysis/RuntimeFingerprintProfilerTest.kt,42,90b66a0d960ec6276efbd2e6642130bfbf24369c7ca0fbbf730824fdf18238a5,RuntimeFingerprintProfilerTest,,1
app/src/test/java/io/github/ffenuss/modkit/analysis/RuntimeStageAttemptCacheTest.kt,50,49c4ccdb7f023ddf8ea27e76f794c916efaa2e6e44ab2f89399b2e43ec7f93c5,RuntimeStageAttemptCacheTest,io.github.ffenuss.modkit.runtime.RuntimeEscalationStage; io.github.ffenuss.modkit.runtime.RuntimeStageAttempt; io.github.ffenuss.modkit.runtime.RuntimeStageAttemptLedger; io.github.ffenuss.modkit.runtime.RuntimeStageAttemptState,1
app/src/test/java/io/github/ffenuss/modkit/analysis/nativecode/AArch64ControlFlowGraphBuilderTest.kt,96,e073050ef56de4090f231d5317df3331ec2a0ae078a5f7c69ea1c00c0f3f76c3,AArch64ControlFlowGraphBuilderTest,,2
app/src/test/java/io/github/ffenuss/modkit/analysis/nativecode/AArch64DisassemblerTest.kt,141,4d886e93b4e041b7a239e5446fbe92cc18ac602674a84b13fa914f9b44fb976b,AArch64DisassemblerTest,,4
app/src/test/java/io/github/ffenuss/modkit/analysis/nativecode/AArch64MethodAnalyzerTest.kt,269,861d7332554e8f4a80802a316a07b7ede6134c0e35e41684f08f17c7136b6f41,AArch64MethodAnalyzerTest,io.github.ffenuss.modkit.analysis.Il2CppNativeReturnKind; io.github.ffenuss.modkit.patch.AArch64ScalarReturnEncoder,7
app/src/test/java/io/github/ffenuss/modkit/analysis/nativecode/Armv7ControlFlowDecoderTest.kt,140,d2a9d3298b3cc82f4acf6601748fa093f2ec4630d9f048b7b89efba4e652d712,Armv7ControlFlowDecoderTest,io.github.ffenuss.modkit.analysis.CancellationSignal,6
app/src/test/java/io/github/ffenuss/modkit/analysis/nativecode/InstructionDecoderTest.kt,114,76b6ca452d509870b319d941e4b40067200b54c4dc7e3d0def5fd6a5f33c6883,InstructionDecoderTest,,4
app/src/test/java/io/github/ffenuss/modkit/analysis/nativecode/X86ControlFlowDecoderTest.kt,131,6bc9d34de18a43c10233b2da0fef14aed6d172a50adddcb40853084df9e37251,X86ControlFlowDecoderTest,,6
app/src/test/java/io/github/ffenuss/modkit/build/ApkSetExportPlannerTest.kt,63,59226ca0ec809b379c28675cfb3f9de27b6dc316f9a74d4645d416fec206dcf3,ApkSetExportPlannerTest,,3
app/src/test/java/io/github/ffenuss/modkit/build/ApkZipAlignerTest.kt,133,d36feeb049f8faaf85ab7d44c1bb2a66c9242e5a9115426a53eb764279f2910b,ApkZipAlignerTest,io.github.ffenuss.modkit.analysis.CancellationSignal; io.github.ffenuss.modkit.analysis.ProgressSink,2
app/src/test/java/io/github/ffenuss/modkit/build/BuildRecoveryTest.kt,57,5a7fc5a2b6baef4ab2748cab48aa939ef68f05cb6c21fda395af695a6459419d,BuildRecoveryTest,,4
app/src/test/java/io/github/ffenuss/modkit/build/BuiltPackageVerifierTest.kt,90,2ebeee63fe6afe6668269d73cc73b393592ac4b586997c0f6a2919a0e38f9e6b,BuiltPackageVerifierTest,,3
app/src/test/java/io/github/ffenuss/modkit/patch/AArch64ScalarReturnEncoderTest.kt,87,c5345b338e78298dcd1c699cd48fb43f51328318eabd31de2f48d5431e18de7b,AArch64ScalarReturnEncoderTest,io.github.ffenuss.modkit.analysis.Il2CppNativeReturnKind,4
app/src/test/java/io/github/ffenuss/modkit/patch/ArchiveMutationApplierTest.kt,401,269a63b777eefcc57eb22a7661750ceed270ba953bd25dd1094cafd865b7da04,ArchiveMutationApplierTest,io.github.ffenuss.modkit.analysis.AnalysisWorkspace; io.github.ffenuss.modkit.analysis.ArtifactIndex; io.github.ffenuss.modkit.analysis.ArtifactSource; io.github.ffenuss.modkit.analysis.CancellationSignal; io.github.ffenuss.modkit.analysis.EvidenceTarget; io.github.ffenuss.modkit.analysis.EvidenceTargetKind; io.github.ffenuss.modkit.analysis.ProgressSink; io.github.ffenuss.modkit.analysis.UserFindingStatus; io.github.ffenuss.modkit.analysis.WorkspaceSource; io.github.ffenuss.modkit.domain.ProofLevel,3
app/src/test/java/io/github/ffenuss/modkit/patch/AutoModSelectionPolicyTest.kt,51,ec943b33e4e4ee1c6adef1230667290a988fa67dee60c3681ba244fbc07a7579,AutoModSelectionPolicyTest,,2
app/src/test/java/io/github/ffenuss/modkit/patch/DexGameplayContextTest.kt,69,bfd03c6b3c03babdb4a8121177ed8e393917e77e5e48ac2391323116b521793f,DexGameplayContextTest,,4
app/src/test/java/io/github/ffenuss/modkit/patch/DexLocalPatchEngineTest.kt,355,20374bf0233af2574fcf0d9452c86e835b839f4be2fe793ace6c068506f5a17b,DexLocalPatchEngineTest,io.github.ffenuss.modkit.analysis.CancellationSignal,11
app/src/test/java/io/github/ffenuss/modkit/patch/GameplayCandidateTriageTest.kt,163,3ae65fbe9b327fd94abef5e0077a32e625e067f8b576f33294dc045a1eeb58cb,GameplayCandidateTriageTest,,7
app/src/test/java/io/github/ffenuss/modkit/patch/GameplayModificationFinderTest.kt,1318,92c006c67abd5bd10c6c97596b181dd7a862afe90fb28f84f96cc33d75338cd0,GameplayModificationFinderTest,io.github.ffenuss.modkit.analysis.ArtifactIndex; io.github.ffenuss.modkit.analysis.ArtifactSource; io.github.ffenuss.modkit.analysis.EngineRoutingPlan; io.github.ffenuss.modkit.analysis.EvidenceGraph; io.github.ffenuss.modkit.analysis.EvidenceTarget; io.github.ffenuss.modkit.analysis.EvidenceTargetKind; io.github.ffenuss.modkit.analysis.FastAnalysisResult; io.github.ffenuss.modkit.analysis.Il2CppBinaryBindingResult; io.github.ffenuss.modkit.analysis.Il2CppBinaryEvidence; io.github.ffenuss.modkit.analysis.Il2CppMethodBinaryBinding; io.github.ffenuss.modkit.analysis.Il2CppNativeReturnKind; io.github.ffenuss.modkit.analysis.Il2CppFastDumpResult; io.github.ffenuss.modkit.analysis.Il2CppFieldDefinition; io.github.ffenuss.modkit.analysis.Il2CppImageDefinition; io.github.ffenuss.modkit.analysis.Il2CppMetadataModel; io.github.ffenuss.modkit.analysis.UserFindingStatus; io.github.ffenuss.modkit.domain.ProofLevel,31
app/src/test/java/io/github/ffenuss/modkit/patch/Il2CppArm64CallResolverTest.kt,152,ead068aa9e14161e0e58742a0231cfcf187c00638a2cc149254476a5a6d372bc,Il2CppArm64CallResolverTest,io.github.ffenuss.modkit.analysis.ArtifactIndex; io.github.ffenuss.modkit.analysis.ArtifactSource; io.github.ffenuss.modkit.analysis.EngineRoutingPlan; io.github.ffenuss.modkit.analysis.EvidenceGraph; io.github.ffenuss.modkit.analysis.EvidenceTarget; io.github.ffenuss.modkit.analysis.EvidenceTargetKind; io.github.ffenuss.modkit.analysis.FastAnalysisResult; io.github.ffenuss.modkit.analysis.UserFindingStatus; io.github.ffenuss.modkit.analysis.nativecode.AArch64Disassembler; io.github.ffenuss.modkit.domain.ProofLevel,1
app/src/test/java/io/github/ffenuss/modkit/patch/Il2CppArm64CallerScannerTest.kt,335,d9930633b2e05edb2ab1f83110a182a768252f396facbdb2f28c6928d3a18509,Il2CppArm64CallerScannerTest,io.github.ffenuss.modkit.analysis.ArtifactIndex; io.github.ffenuss.modkit.analysis.ArtifactSource; io.github.ffenuss.modkit.analysis.AtomicCancellationSignal; io.github.ffenuss.modkit.analysis.EngineRoutingPlan; io.github.ffenuss.modkit.analysis.EvidenceGraph; io.github.ffenuss.modkit.analysis.EvidenceTarget; io.github.ffenuss.modkit.analysis.EvidenceTargetKind; io.github.ffenuss.modkit.analysis.FastAnalysisResult; io.github.ffenuss.modkit.analysis.UserFindingStatus; io.github.ffenuss.modkit.domain.ProofLevel,2
app/src/test/java/io/github/ffenuss/modkit/patch/Il2CppNativeMutationDraftBuilderTest.kt,509,5fb2f6e47b85d5d971ea38dcbabf556700445519e32e0dc13e9302083663bad5,Il2CppNativeMutationDraftBuilderTest,io.github.ffenuss.modkit.analysis.ArtifactIndex; io.github.ffenuss.modkit.analysis.ArtifactSource; io.github.ffenuss.modkit.analysis.EngineRoutingPlan; io.github.ffenuss.modkit.analysis.EvidenceGraph; io.github.ffenuss.modkit.analysis.EvidenceTarget; io.github.ffenuss.modkit.analysis.EvidenceTargetKind; io.github.ffenuss.modkit.analysis.FastAnalysisResult; io.github.ffenuss.modkit.analysis.UserFindingStatus; io.github.ffenuss.modkit.domain.ProofLevel,9
app/src/test/java/io/github/ffenuss/modkit/patch/Il2CppPatchTargetBrowserTest.kt,386,30176472fe689d95490c3173125d44536f7611f4feb2a512a0f71906448651ad,Il2CppPatchTargetBrowserTest,io.github.ffenuss.modkit.analysis.EvidenceTarget; io.github.ffenuss.modkit.analysis.EvidenceTargetKind; io.github.ffenuss.modkit.analysis.FastAnalysisResult; io.github.ffenuss.modkit.analysis.Il2CppBinaryBindingResult; io.github.ffenuss.modkit.analysis.Il2CppBinaryEvidence; io.github.ffenuss.modkit.analysis.Il2CppMethodBinaryBinding; io.github.ffenuss.modkit.analysis.Il2CppNativeReturnKind; io.github.ffenuss.modkit.analysis.UserFindingStatus; io.github.ffenuss.modkit.domain.ProofLevel,9
app/src/test/java/io/github/ffenuss/modkit/patch/MutationPreflightEngineTest.kt,203,f4b75ee49b9c1d239ec06af49c5affaee137b15a6dc6b3c46ace51c381ba9779,MutationPreflightEngineTest,io.github.ffenuss.modkit.analysis.EvidenceGraph; io.github.ffenuss.modkit.analysis.EvidenceTarget; io.github.ffenuss.modkit.analysis.EvidenceTargetKind; io.github.ffenuss.modkit.analysis.UserFindingStatus; io.github.ffenuss.modkit.domain.ProofLevel,5
app/src/test/java/io/github/ffenuss/modkit/patch/NativePatchPresetCatalogTest.kt,144,c91935097d0e2da57f8ef50ef122328433d71728de7ae9334053fc33680e99f3,NativePatchPresetCatalogTest,io.github.ffenuss.modkit.analysis.Il2CppNativeReturnKind,4
app/src/test/java/io/github/ffenuss/modkit/patch/PatchBuildSelectionMergerTest.kt,59,ca85c2d93a60a17e10384e01e2b681a86336f5da568856cd0bd912369ac537d9,PatchBuildSelectionMergerTest,,4
app/src/test/java/io/github/ffenuss/modkit/patch/PatchLabDiagnosticReportWriterTest.kt,357,605c3b1b887615f4b661ad1fd3d901533e38375f3b126833df27d8103413c443,PatchLabDiagnosticReportWriterTest,io.github.ffenuss.modkit.analysis.ArtifactIndex; io.github.ffenuss.modkit.analysis.EngineRoutingPlan; io.github.ffenuss.modkit.analysis.EvidenceGraph; io.github.ffenuss.modkit.analysis.EvidenceTarget; io.github.ffenuss.modkit.analysis.EvidenceTargetKind; io.github.ffenuss.modkit.analysis.FastAnalysisResult; io.github.ffenuss.modkit.analysis.Il2CppBinaryBindingResult; io.github.ffenuss.modkit.analysis.Il2CppBinaryEvidence; io.github.ffenuss.modkit.analysis.Il2CppFastDumpResult; io.github.ffenuss.modkit.analysis.Il2CppMetadataModel; io.github.ffenuss.modkit.analysis.Il2CppMethodBinaryBinding; io.github.ffenuss.modkit.analysis.Il2CppMethodDefinition; io.github.ffenuss.modkit.analysis.Il2CppNativeReturnKind; io.github.ffenuss.modkit.analysis.Il2CppTypeDefinition; io.github.ffenuss.modkit.analysis.UserFindingStatus; io.github.ffenuss.modkit.domain.ProofLevel,1
app/src/test/java/io/github/ffenuss/modkit/patch/PatchPreparationPlannerTest.kt,159,7f2fae9fc6575ed6bf864dbbd45e4998d434d1a000427d0d1adf2dfdde099307,PatchPreparationPlannerTest,io.github.ffenuss.modkit.analysis.ArtifactIndex; io.github.ffenuss.modkit.analysis.ArtifactSource; io.github.ffenuss.modkit.analysis.ConfirmationRequest; io.github.ffenuss.modkit.analysis.EngineRoutingPlan; io.github.ffenuss.modkit.analysis.EvidenceGraph; io.github.ffenuss.modkit.analysis.EvidenceTarget; io.github.ffenuss.modkit.analysis.EvidenceTargetKind; io.github.ffenuss.modkit.analysis.FastAnalysisResult; io.github.ffenuss.modkit.analysis.TargetShaVerification; io.github.ffenuss.modkit.analysis.UserFindingStatus; io.github.ffenuss.modkit.domain.ProofLevel,4
app/src/test/java/io/github/ffenuss/modkit/patch/RuntimeGameplayTestMenuBuilderTest.kt,287,0e83ba548561b3ab452e328d77acd92bee65b346acbd5586d49b563473177cbe,RuntimeGameplayTestMenuBuilderTest,io.github.ffenuss.modkit.analysis.ArtifactIndex; io.github.ffenuss.modkit.analysis.EngineRoutingPlan; io.github.ffenuss.modkit.analysis.EvidenceGraph; io.github.ffenuss.modkit.analysis.EvidenceTarget; io.github.ffenuss.modkit.analysis.EvidenceTargetKind; io.github.ffenuss.modkit.analysis.FastAnalysisResult; io.github.ffenuss.modkit.analysis.Il2CppBinaryBindingResult; io.github.ffenuss.modkit.analysis.Il2CppBinaryEvidence; io.github.ffenuss.modkit.analysis.Il2CppMethodBinaryBinding; io.github.ffenuss.modkit.analysis.Il2CppNativeReturnKind; io.github.ffenuss.modkit.analysis.UserFindingStatus; io.github.ffenuss.modkit.domain.ProofLevel; io.github.ffenuss.modkit.runtime.RepackedRuntimeTestMenuItemMode,1
app/src/test/java/io/github/ffenuss/modkit/patch/StagingApkVerifierTest.kt,115,d1be2257e598112ac3cace2b247b6f0b7c2b8bb2054e4876aab1d972f41d2fc5,StagingApkVerifierTest,io.github.ffenuss.modkit.analysis.CancellationSignal; io.github.ffenuss.modkit.analysis.ProgressSink,2
app/src/test/java/io/github/ffenuss/modkit/runtime/BinaryAndroidManifestInspectorTest.kt,311,347a282ba8b582e6eaaee690fe478571aa28eb4c39e0a507d5e9915969f5edc7,BinaryAndroidManifestInspectorTest,,5
app/src/test/java/io/github/ffenuss/modkit/runtime/BinaryAndroidManifestProbeInjectorTest.kt,293,b325758d3db0031cd439c9b51abab52b61919c8921b861c65fc09b302c252dfa,BinaryAndroidManifestProbeInjectorTest,,3
app/src/test/java/io/github/ffenuss/modkit/runtime/NonRootProcessDiscoveryTest.kt,160,7f2dabec2f24ccd40269369df3cf57f1faff2416964c5338ebc280a45128363a,NonRootProcessDiscoveryTest,io.github.ffenuss.modkit.analysis.AtomicCancellationSignal,5
app/src/test/java/io/github/ffenuss/modkit/runtime/NonRootRuntimeCaptureTest.kt,128,5a6582f43cbe87ef0551039bc114b320f357bcbd02045b0aa28b64e4dc1d49f0,NonRootRuntimeCaptureTest,io.github.ffenuss.modkit.analysis.AtomicCancellationSignal,3
app/src/test/java/io/github/ffenuss/modkit/runtime/ProcMapsCaptureReaderTest.kt,53,89b4755da71e1637d27d889f151e8e7edf579899950c8b84db70d0d5fc09823a,ProcMapsCaptureReaderTest,io.github.ffenuss.modkit.analysis.CancellationSignal,2
app/src/test/java/io/github/ffenuss/modkit/runtime/RepackedRuntimeBuildPreflightTest.kt,158,54dbcf2b23eb187e916bd67c43e2f2ce3648c700baf829dd6c3f5a530c19bf3f,RepackedRuntimeBuildPreflightTest,,4
app/src/test/java/io/github/ffenuss/modkit/runtime/RepackedRuntimeEvidenceCaptureTest.kt,321,ace2699395219946bc72d2dbdfdb458fc342a7371948a9761acb4301152234a7,RepackedRuntimeEvidenceCaptureTest,io.github.ffenuss.modkit.analysis.AtomicCancellationSignal; io.github.ffenuss.modkit.build.ApkSignatureVerification; io.github.ffenuss.modkit.build.InstallabilityVerification; io.github.ffenuss.modkit.build.ZipAlignmentVerification,6
app/src/test/java/io/github/ffenuss/modkit/runtime/RepackedRuntimeInstallPlannerTest.kt,302,929b3928c3e8a083af6897bc5042bfb71ba203d6e52b2cd355c69454964fe99c,RepackedRuntimeInstallPlannerTest,io.github.ffenuss.modkit.analysis.AtomicCancellationSignal; io.github.ffenuss.modkit.analysis.ArtifactIndex; io.github.ffenuss.modkit.analysis.ArtifactSource; io.github.ffenuss.modkit.analysis.EngineRoutingPlan; io.github.ffenuss.modkit.analysis.FastAnalysisResult; io.github.ffenuss.modkit.build.BuiltApkFile; io.github.ffenuss.modkit.build.MutationDiffVerification; io.github.ffenuss.modkit.build.VerifiedBuildResult; io.github.ffenuss.modkit.build.ApkSignatureVerification; io.github.ffenuss.modkit.build.InstallabilityVerification; io.github.ffenuss.modkit.build.ZipAlignmentVerification,5
app/src/test/java/io/github/ffenuss/modkit/runtime/RepackedRuntimeInstrumentationCoordinatorTest.kt,393,444719e03e42af69730e51a0e07c19779257ce3a32a456d87f01cbd1405006d7,RepackedRuntimeInstrumentationCoordinatorTest,io.github.ffenuss.modkit.analysis.AnalysisWorkspace; io.github.ffenuss.modkit.analysis.ArtifactIndex; io.github.ffenuss.modkit.analysis.ArtifactSource; io.github.ffenuss.modkit.analysis.AtomicCancellationSignal; io.github.ffenuss.modkit.analysis.WorkspaceSource,2
app/src/test/java/io/github/ffenuss/modkit/runtime/RepackedRuntimeManifestInventoryTest.kt,306,7eabd1a6aea224e6f716d4f2c66b78b15d39b186b9de340d3487cb3d30f1a91f,RepackedRuntimeManifestInventoryTest,io.github.ffenuss.modkit.analysis.AtomicCancellationSignal,3
app/src/test/java/io/github/ffenuss/modkit/runtime/RepackedRuntimeManifestRewriterTest.kt,352,bcc0fe8c942391f7e0ef3c3a789656a6a0850e507b5ea6283404e0998ff55db3,RepackedRuntimeManifestRewriterTest,io.github.ffenuss.modkit.analysis.AtomicCancellationSignal,2
app/src/test/java/io/github/ffenuss/modkit/runtime/RepackedRuntimeNativeLookupCaptureTest.kt,415,6155e93e0c96667bb5c67a6c25e08e7c0fb68183dc39bf9352e45c7159cb189e,RepackedRuntimeNativeLookupCaptureTest,io.github.ffenuss.modkit.analysis.AtomicCancellationSignal; io.github.ffenuss.modkit.build.ApkSignatureVerification; io.github.ffenuss.modkit.build.InstallabilityVerification; io.github.ffenuss.modkit.build.ZipAlignmentVerification,7
app/src/test/java/io/github/ffenuss/modkit/runtime/RepackedRuntimeNativeLookupCoordinatorTest.kt,140,638abc064153c8ba7f99a3388efe7d18a75d547f0cd2ad7ba19f62e7eb8612ae,RepackedRuntimeNativeLookupCoordinatorTest,io.github.ffenuss.modkit.analysis.ArtifactEntry; io.github.ffenuss.modkit.analysis.BinaryFormat,3
app/src/test/java/io/github/ffenuss/modkit/runtime/RepackedRuntimeNativeProbeInjectorTest.kt,368,43709516753288ba515be8eb4ed782fcc33423b645cf8f7a0e515d962d334420,RepackedRuntimeNativeProbeInjectorTest,io.github.ffenuss.modkit.analysis.AtomicCancellationSignal,4
app/src/test/java/io/github/ffenuss/modkit/runtime/RepackedRuntimeNativeTraceExportProtocolTest.kt,173,bddd2ce7791bfccc61348213e5337ce3f5de671bff78e98c7d0f34e1a92ae7dc,RepackedRuntimeNativeTraceExportProtocolTest,,4
app/src/test/java/io/github/ffenuss/modkit/runtime/RepackedRuntimePassiveJniTraceSessionCaptureTest.kt,492,848502d00a98fa6805887792f9319ab24b9962d4936e5432d644e28534ddfaed,RepackedRuntimePassiveJniTraceSessionCaptureTest,io.github.ffenuss.modkit.analysis.AtomicCancellationSignal; io.github.ffenuss.modkit.build.ApkSignatureVerification; io.github.ffenuss.modkit.build.InstallabilityVerification; io.github.ffenuss.modkit.build.ZipAlignmentVerification,6
app/src/test/java/io/github/ffenuss/modkit/runtime/RepackedRuntimePassiveTraceSessionCaptureTest.kt,580,0d0feb0eb694d5233b02ce643f2079fff9e914c75325d6b36a42df23f9f3c355,RepackedRuntimePassiveTraceSessionCaptureTest,io.github.ffenuss.modkit.analysis.AtomicCancellationSignal; io.github.ffenuss.modkit.build.ApkSignatureVerification; io.github.ffenuss.modkit.build.InstallabilityVerification; io.github.ffenuss.modkit.build.ZipAlignmentVerification,9
app/src/test/java/io/github/ffenuss/modkit/runtime/RepackedRuntimeProbePayloadInjectorTest.kt,474,698faef0fd03129f341bbad33c80d831c730254e5d279f0849ad46cedca00004,RepackedRuntimeProbePayloadInjectorTest,io.github.ffenuss.modkit.analysis.AtomicCancellationSignal,4
app/src/test/java/io/github/ffenuss/modkit/runtime/RepackedRuntimeSignatureStripperTest.kt,123,a256251a45bc483b9a756be336a70181ebd7ce1b7049db7d08f2bbf78c4e0b2b,RepackedRuntimeSignatureStripperTest,io.github.ffenuss.modkit.analysis.AtomicCancellationSignal,2
app/src/test/java/io/github/ffenuss/modkit/runtime/RepackedTestRuntimeTest.kt,283,75da2304a0e0ecef63080fd2166ce5eb02ff611f1960438747f023c2fa8e2770,RepackedTestRuntimeTest,io.github.ffenuss.modkit.analysis.AnalysisWorkspace; io.github.ffenuss.modkit.analysis.ArtifactIndex; io.github.ffenuss.modkit.analysis.ArtifactSource; io.github.ffenuss.modkit.analysis.AtomicCancellationSignal; io.github.ffenuss.modkit.analysis.ConfirmationRequest; io.github.ffenuss.modkit.analysis.EngineRoutingPlan; io.github.ffenuss.modkit.analysis.FastAnalysisResult; io.github.ffenuss.modkit.analysis.WorkspaceSource; io.github.ffenuss.modkit.domain.ProofLevel,5
app/src/test/java/io/github/ffenuss/modkit/runtime/RuntimeEscalationTest.kt,118,57adb67a611ad64615d7e8748f4b00a2037f17b3d11226090f21e9e1fe1c89ff,RuntimeEscalationTest,io.github.ffenuss.modkit.analysis.ArtifactIndex; io.github.ffenuss.modkit.analysis.ArtifactSource; io.github.ffenuss.modkit.analysis.ConfirmationRequest; io.github.ffenuss.modkit.analysis.EngineRoutingPlan; io.github.ffenuss.modkit.analysis.FastAnalysisResult; io.github.ffenuss.modkit.domain.ProofLevel,4
app/src/test/java/io/github/ffenuss/modkit/runtime/RuntimeEvidenceContractTest.kt,141,fd5b3431566d503f39e2cc1a874a73cb9d98cf4ecbb4b261fd8f312649596d53,RuntimeEvidenceContractTest,io.github.ffenuss.modkit.domain.ProofLevel,2
app/src/test/java/io/github/ffenuss/modkit/runtime/RuntimeEvidenceRestoreTest.kt,128,7b56f3992f0034fa55f75f55ce8845f61f3d1b0016d3cf67b123bcca320bcfeb,RuntimeEvidenceRestoreTest,io.github.ffenuss.modkit.analysis.ArtifactIndex; io.github.ffenuss.modkit.analysis.ArtifactSource; io.github.ffenuss.modkit.analysis.EngineRoutingPlan; io.github.ffenuss.modkit.analysis.EvidenceGraph; io.github.ffenuss.modkit.analysis.EvidenceTarget; io.github.ffenuss.modkit.analysis.EvidenceTargetKind; io.github.ffenuss.modkit.analysis.FastAnalysisResult; io.github.ffenuss.modkit.analysis.UserFindingStatus; io.github.ffenuss.modkit.domain.ProofLevel,2
app/src/test/java/io/github/ffenuss/modkit/runtime/RuntimeMemoryElfTest.kt,195,839766a21cb00e084504f820179adb5e6168e45d0f4c3ceb8879d82ecb13433a,RuntimeMemoryElfTest,io.github.ffenuss.modkit.analysis.AtomicCancellationSignal,5
app/src/test/java/io/github/ffenuss/modkit/runtime/RuntimeMemoryMappingDetectorTest.kt,33,094871296667259480d285f90a44e4d608dfb6a16576773e3a7445e4fd9aa669,RuntimeMemoryMappingDetectorTest,,1
app/src/test/java/io/github/ffenuss/modkit/runtime/RuntimeModuleEvidenceTest.kt,254,69b92da835e086adfe28c2b688d6f3a7973561b364436eda453727261eac56e1,RuntimeModuleEvidenceTest,io.github.ffenuss.modkit.analysis.ArtifactIndex; io.github.ffenuss.modkit.analysis.ArtifactSource; io.github.ffenuss.modkit.analysis.ElfLoadSegment; io.github.ffenuss.modkit.analysis.EngineRoutingPlan; io.github.ffenuss.modkit.analysis.EvidenceGraph; io.github.ffenuss.modkit.analysis.EvidenceTarget; io.github.ffenuss.modkit.analysis.EvidenceTargetKind; io.github.ffenuss.modkit.analysis.FastAnalysisResult; io.github.ffenuss.modkit.analysis.UserFindingStatus; io.github.ffenuss.modkit.domain.ProofLevel,6
app/src/test/java/io/github/ffenuss/modkit/runtime/RuntimeModuleInventoryBuilderTest.kt,69,fecd7b458c25935bf57d0c95619ac3ef8dcf0d835137eca43a38cfe8f6ad2692,RuntimeModuleInventoryBuilderTest,io.github.ffenuss.modkit.analysis.ArtifactEntry; io.github.ffenuss.modkit.analysis.BinaryFormat,2
app/src/test/java/io/github/ffenuss/modkit/runtime/RuntimeNativeLookupGraphAnnotatorTest.kt,154,734376e74127998138e271bc5b0b0fa639ce25e138c6be526825f389ba1bce21,RuntimeNativeLookupGraphAnnotatorTest,io.github.ffenuss.modkit.analysis.ArtifactIndex; io.github.ffenuss.modkit.analysis.EngineRoutingPlan; io.github.ffenuss.modkit.analysis.EvidenceGraph; io.github.ffenuss.modkit.analysis.EvidenceTarget; io.github.ffenuss.modkit.analysis.EvidenceTargetKind; io.github.ffenuss.modkit.analysis.FastAnalysisResult; io.github.ffenuss.modkit.analysis.UserFindingStatus; io.github.ffenuss.modkit.domain.ProofLevel,2
app/src/test/java/io/github/ffenuss/modkit/runtime/RuntimeNativeLookupTraceTest.kt,320,9318c11465bb42532e2ec3337ab0480d217b70f970f263dfdedc9025c27740b4,RuntimeNativeLookupTraceTest,,7
app/src/test/java/io/github/ffenuss/modkit/runtime/RuntimeProbeNativePayloadValidatorTest.kt,115,32c2bd3cb87d3e76e42f50bcf5cf4bbe6dfe699813ec101d20cd83648e402716,RuntimeProbeNativePayloadValidatorTest,,3
app/src/test/java/io/github/ffenuss/modkit/runtime/RuntimeProbePayloadTest.kt,104,b2ea3dcee71360c889597859b7bfa789fafae9d6056ad75ace8f446a74e64883,RuntimeProbePayloadTest,,3
app/src/test/java/io/github/ffenuss/modkit/runtime/RuntimeStageAttemptLedgerTest.kt,107,a0868b0683a6afd7e7b8b6f070bc468d094c85e5a3cc7376cc9d8b309e03d0ec,RuntimeStageAttemptLedgerTest,,5
build.gradle.kts,4,ccdee95fef66ab808af13006180864588f115867a383a3371488a95a15a70c4d,,,0
docs/ARCHITECTURE.md,16,89ddfe7f0bd9aacf587ac86d8b521799dcd2ee893f85c7f3f72e56f60e05c835,,,0
docs/DECISIONS.md,25,9c592b5610296a67de3d02f9a3b7790f87fd0c1e446047f2cb46fe98b8c1c108,,,0
docs/IL2CPP_BINDING.md,110,4eac80938943c4c3a5fa495af984ecc60b53f0428d389fd68ea50e21479c5c85,,,0
docs/PORTING_MATRIX.md,30,fdb236715f7bba80d6cacfdd9fddf6efa6de4dcfc177d482a920b3346f672f78,,,0
docs/ROADMAP.md,225,c7b9108267fb979398c65e5f1ee22397df23b6726cca3baefabcb55efcba2c3d,,,0
docs/ROOT_MODE_AUDIT.md,78,700cacffc071a627dba64f55dbd88bdc31df104e6a2126cfb319f4e9c1265b7a,,,0
docs/TECHNICAL_SPEC_VNEXT.md,1708,e46948a4c31567035db7d6f002bb1603924ae83ad9e584e85dc16e3b05ce6a86,,,0
runtimeprobe/build.gradle.kts,47,893965115d49ad1a81d868db5dc4aecf3eb6df0866edfa73c60fc2852901b87c,,,0
runtimeprobe/src/main/AndroidManifest.xml,7,19ec587ebd68fb96d0ba1a27ee2fe89e46046487b060cdb47b1228d367f53802,,,0
runtimeprobe/src/main/java/io/github/ffenuss/modkit/runtimeprobe/RuntimeEvidenceProvider.java,721,a1d60fb388849ec6f0c4255dc3cf4a193277ae12fec48c1ed254db33a3bcb088,,,0
runtimeprobe/src/main/java/io/github/ffenuss/modkit/runtimeprobe/RuntimeModMenu.java,834,4ec9edbedd00c8bc066d13b10c4dc637ccb8d923d1235592f6fd30025ec72eec,,,0
runtimeprobe/src/main/java/io/github/ffenuss/modkit/runtimeprobe/RuntimeNativeBridge.java,197,3e488c353ad1781a1fd8ba28170cd5b792af86e61a24109fbd7c839a6af4fd9b,,,0
runtimeprobe/src/main/java/io/github/ffenuss/modkit/runtimeprobe/RuntimeNativeTraceBuffer.java,200,f2c306df8141bbb2742c55847e8330741fa89d63f8d774e802c32eafaa06c108,,,0
runtimeprobe/src/main/jni/runtime_native_probe.c,2060,4434d238f7994227e79c2378becc7e8795f268695702bcf98decd90c17d4fb76,,,0
settings.gradle.kts,19,34b460541dc1e7a0c5c15fb4cad8c15b347549123d388a4f27191c3722e4f774,,,0
